[{"__type__":"cc.SpriteFrame","content":{"name":"sprite_0","texture":"4b9eth0v9Pa5kNRL13QI7B","rect":[12,0,40,52],"offset":[0,6],"originalSize":[64,64],"capInsets":[0,0,0,0]}},[{"__type__":"cc.SceneAsset","_name":"Help","scene":{"__id__":1},"asyncLoadAssets":null},{"__type__":"cc.Scene","_name":"New Node","_children":[{"__id__":2}],"_anchorPoint":{"__type__":"cc.Vec2"},"_trs":{"__type__":"TypedArray","ctor":"Float32Array","array":[0,0,0,0,0,0,1,1,1,1]},"autoReleaseAssets":false},{"__type__":"cc.Node","_name":"Canvas","_parent":{"__id__":1},"_children":[{"__id__":3},{"__id__":5},{"__id__":6},{"__id__":8},{"__id__":9}],"_components":[{"__type__":"cc.Canvas","node":{"__id__":2}},{"__type__":"679e0rKZlVHZ40jjYE7Xbyt","node":{"__id__":2},"guideString":["","",""],"label":{"__id__":7},"JoyStick":{"__id__":3},"stone":{"__id__":9},"radar":{"__id__":8}}],"_contentSize":{"__type__":"cc.Size","width":960,"height":640},"_trs":{"__type__":"TypedArray","ctor":"Float32Array","array":[480,320,0,0,0,0,1,1,1,1]},"_id":"bexWfWjS5G4YR0mKSFcqUt"},{"__type__":"cc.Node","_name":"controlStick","_parent":{"__id__":2},"_children":[{"__id__":4}],"_components":[{"__type__":"cc.Sprite","node":{"__id__":3},"_materials":[{"__uuid__":"ecpdLyjvZBwrvm+cedCcQy"}],"_spriteFrame":{"__uuid__":"3bMJ0+U0hJSYUOeCbYzzVR"}},{"__type__":"cc.Widget","node":{"__id__":3},"_alignFlags":12,"_left":98,"_bottom":98}],"_contentSize":{"__type__":"cc.Size","width":52,"height":52},"_trs":{"__type__":"TypedArray","ctor":"Float32Array","array":[-330,-170,0,0,0,0,1,2,2,2]}},{"__type__":"cc.Node","_name":"controlStick","_parent":{"__id__":3},"_components":[{"__type__":"cc.Sprite","node":{"__id__":4},"_materials":[{"__uuid__":"ecpdLyjvZBwrvm+cedCcQy"}],"_spriteFrame":{"__uuid__":"3bMJ0+U0hJSYUOeCbYzzVR"}}],"_contentSize":{"__type__":"cc.Size","width":52,"height":52},"_trs":{"__type__":"TypedArray","ctor":"Float32Array","array":[0,0,0,0,0,0,1,0.5,0.5,1]}},{"__type__":"cc.Node","_name":"Main Camera","_parent":{"__id__":2},"_components":[{"__type__":"cc.Camera","node":{"__id__":5},"_clearFlags":7,"_depth":-1}],"_trs":{"__type__":"TypedArray","ctor":"Float32Array","array":[0,0,544.72998046875,0,0,0,1,1,1,1]}},{"__type__":"cc.Node","_name":"label","_parent":{"__id__":2},"_components":[{"__id__":7}],"_contentSize":{"__type__":"cc.Size","width":263.36,"height":50.4},"_trs":{"__type__":"TypedArray","ctor":"Float32Array","array":[0,0,0,0,0,0,1,1,1,1]}},{"__type__":"cc.Label","node":{"__id__":6},"_materials":[{"__uuid__":"ecpdLyjvZBwrvm+cedCcQy"}],"_useOriginalSize":false,"_string":"摇杆控制移动~","_N$string":"摇杆控制移动~","_N$horizontalAlign":1,"_N$verticalAlign":1},{"__type__":"cc.Node","_name":"radar","_parent":{"__id__":2},"_active":false,"_components":[{"__type__":"cc.Sprite","node":{"__id__":8},"_materials":[{"__uuid__":"ecpdLyjvZBwrvm+cedCcQy"}],"_spriteFrame":{"__uuid__":"5cOLST2wRGc4Io2rwkixHk"}},{"__type__":"cc.Widget","node":{"__id__":8},"_alignFlags":36,"_right":123.52301025390625,"_bottom":103}],"_contentSize":{"__type__":"cc.Size","width":52,"height":52},"_trs":{"__type__":"TypedArray","ctor":"Float32Array","array":[317.47698974609375,-178,0,0,0,0,1,1.5,1.5,1.5]}},{"__type__":"cc.Node","_name":"stone","_parent":{"__id__":2},"_children":[{"__id__":10},{"__id__":11}],"_active":false,"_components":[{"__type__":"cc.Sprite","node":{"__id__":9},"_materials":[{"__uuid__":"ecpdLyjvZBwrvm+cedCcQy"}],"_spriteFrame":{"__uuid__":"09+6On/DtI4YTUa9G9J9yA"}},{"__type__":"cc.Widget","node":{"__id__":9},"_alignFlags":8,"_left":127.55900573730469}],"_contentSize":{"__type__":"cc.Size","width":40,"height":52},"_trs":{"__type__":"TypedArray","ctor":"Float32Array","array":[-332.44097900390625,64,0,0,0,0,1,1,1,1]}},{"__type__":"cc.Node","_name":"sprite_0","_parent":{"__id__":9},"_components":[{"__type__":"cc.Sprite","node":{"__id__":10},"_materials":[{"__uuid__":"ecpdLyjvZBwrvm+cedCcQy"}],"_spriteFrame":{"__uuid__":"76eaoe2jJLeKUFDIpVsOMw"}}],"_contentSize":{"__type__":"cc.Size","width":40,"height":52},"_trs":{"__type__":"TypedArray","ctor":"Float32Array","array":[0,-77.58200073242188,0,0,0,0,1,1,1,1]}},{"__type__":"cc.Node","_name":"sprite_0","_parent":{"__id__":9},"_components":[{"__type__":"cc.Sprite","node":{"__id__":11},"_materials":[{"__uuid__":"ecpdLyjvZBwrvm+cedCcQy"}],"_spriteFrame":{"__uuid__":"52qeY1NjRES4HzuJNS9wX6"}}],"_contentSize":{"__type__":"cc.Size","width":40,"height":50},"_trs":{"__type__":"TypedArray","ctor":"Float32Array","array":[0,-153.64300537109375,0,0,0,0,1,1,1,1]}}],{"__type__":"cc.SpriteFrame","content":{"name":"controlStick","texture":"83y6t5VYFMq4rMhYUYgP6x","rect":[6,6,52,52],"offset":[0,0],"originalSize":[64,64],"capInsets":[0,0,0,0]}},{"__type__":"cc.SpriteFrame","content":{"name":"sprite_0","texture":"caLQDPtJxDDq3jVgwsxSvP","rect":[12,2,40,50],"offset":[0,5],"originalSize":[64,64],"capInsets":[0,0,0,0]}},{"__type__":"cc.SpriteFrame","content":{"name":"sprite_0","texture":"ce+F4UKxpJ7JpfhT9wyVtY","rect":[6,8,52,52],"offset":[0,-2],"originalSize":[64,64],"capInsets":[0,0,0,0]}},{"__type__":"cc.SpriteFrame","content":{"name":"sprite_0","texture":"62/5jUtd5BULVyWDRsL6WL","rect":[12,0,40,52],"offset":[0,6],"originalSize":[64,64],"capInsets":[0,0,0,0]}}]