[{"__type__":"cc.SpriteFrame","content":{"name":"sprite_0","texture":"97iA8RsVpPRKq7bDUXHyzK","rect":[10,8,44,54],"offset":[0,-3],"originalSize":[64,64],"capInsets":[0,0,0,0]}},{"__type__":"cc.AnimationClip","_name":"Plane","_duration":0.18333333333333332,"wrapMode":2,"curveData":{"comps":{"cc.Sprite":{"spriteFrame":[{"frame":0,"value":{"__uuid__":"47hdI2n8pFkrWbBAvEWRfR"}},{"frame":0.08333333333333333,"value":{"__uuid__":"d1rtsEmDhLhY3fi850tW7K"}},{"frame":0.16666666666666666,"value":{"__uuid__":"fcqoy+DyFGO6f1EY44OK79"}}]}}}},{"__type__":"cc.SpriteFrame","content":{"name":"sprite_1","texture":"fbT3ZC6lNCVqkyHlPafOgv","rect":[10,8,44,56],"offset":[0,-4],"originalSize":[64,64],"capInsets":[0,0,0,0]}},{"__type__":"cc.SpriteFrame","content":{"name":"sprite_2","texture":"38E60MjvJODoqno06S5jXm","rect":[10,8,44,54],"offset":[0,-3],"originalSize":[64,64],"capInsets":[0,0,0,0]}}]