[{"__type__":"cc.SpriteFrame","content":{"name":"default_btn_disabled","texture":"71VhFCTINJM6/Ky3oX9nBT","rect":[0,0,40,40],"offset":[0,0],"originalSize":[40,40],"capInsets":[12,12,12,12]}},[{"__type__":"cc.SceneAsset","_name":"GameWin","scene":{"__id__":1},"asyncLoadAssets":null},{"__type__":"cc.Scene","_name":"New Node","_children":[{"__id__":2},{"__id__":9}],"_anchorPoint":{"__type__":"cc.Vec2"},"_trs":{"__type__":"TypedArray","ctor":"Float32Array","array":[0,0,0,0,0,0,1,1,1,1]},"autoReleaseAssets":false},{"__type__":"cc.Node","_name":"Canvas","_parent":{"__id__":1},"_children":[{"__id__":3},{"__id__":4}],"_components":[{"__type__":"cc.Canvas","node":{"__id__":2}}],"_contentSize":{"__type__":"cc.Size","width":960,"height":640},"_trs":{"__type__":"TypedArray","ctor":"Float32Array","array":[480,320,0,0,0,0,1,1,1,1]},"_id":"8cQAfRBbRKLYw7qx+AnDJp"},{"__type__":"cc.Node","_name":"Main Camera","_parent":{"__id__":2},"_components":[{"__type__":"cc.Camera","node":{"__id__":3},"_clearFlags":7,"_depth":-1}],"_trs":{"__type__":"TypedArray","ctor":"Float32Array","array":[0,0,544.72998046875,0,0,0,1,1,1,1]}},{"__type__":"cc.Node","_name":"label","_parent":{"__id__":2},"_children":[{"__id__":5}],"_components":[{"__type__":"cc.Label","node":{"__id__":4},"_materials":[{"__uuid__":"ecpdLyjvZBwrvm+cedCcQy"}],"_useOriginalSize":false,"_string":"游戏胜利！后续关卡还在制作中。。。","_N$string":"游戏胜利！后续关卡还在制作中。。。","_N$horizontalAlign":1,"_N$verticalAlign":1},{"__type__":"cc.Widget","node":{"__id__":4},"_alignFlags":18}],"_contentSize":{"__type__":"cc.Size","width":680,"height":50.4},"_trs":{"__type__":"TypedArray","ctor":"Float32Array","array":[0,0,0,0,0,0,1,1,1,1]}},{"__type__":"cc.Node","_name":"button","_parent":{"__id__":4},"_children":[{"__id__":6}],"_components":[{"__id__":8},{"__type__":"cc.Widget","node":{"__id__":5},"_alignFlags":1,"_top":70.39499969482404}],"_contentSize":{"__type__":"cc.Size","width":100,"height":40},"_trs":{"__type__":"TypedArray","ctor":"Float32Array","array":[-3,-65.19499969482422,0,0,0,0,1,1,1,1]}},{"__type__":"cc.Node","_name":"Background","_parent":{"__id__":5},"_children":[{"__id__":7}],"_components":[{"__type__":"cc.Sprite","node":{"__id__":6},"_materials":[{"__uuid__":"ecpdLyjvZBwrvm+cedCcQy"}],"_spriteFrame":{"__uuid__":"f0BIwQ8D5Ml7nTNQbh1YlS"},"_type":1,"_sizeMode":0},{"__type__":"cc.Widget","node":{"__id__":6},"alignMode":0,"_alignFlags":45,"_originalWidth":100,"_originalHeight":40}],"_contentSize":{"__type__":"cc.Size","width":100,"height":40},"_trs":{"__type__":"TypedArray","ctor":"Float32Array","array":[0,0,0,0,0,0,1,1,1,1]}},{"__type__":"cc.Node","_name":"Label","_parent":{"__id__":6},"_components":[{"__type__":"cc.Label","node":{"__id__":7},"_materials":[{"__uuid__":"ecpdLyjvZBwrvm+cedCcQy"}],"_useOriginalSize":false,"_string":"返回主菜单","_N$string":"返回主菜单","_fontSize":20,"_enableWrapText":false,"_N$horizontalAlign":1,"_N$verticalAlign":1,"_N$overflow":1}],"_color":{"__type__":"cc.Color"},"_contentSize":{"__type__":"cc.Size","width":100,"height":40},"_trs":{"__type__":"TypedArray","ctor":"Float32Array","array":[0,0,0,0,0,0,1,1,1,1]}},{"__type__":"cc.Button","node":{"__id__":5},"clickEvents":[{"__type__":"cc.ClickEvent","target":{"__id__":9},"_componentId":"0aa93OGKPROUJNiWk2hNh3k","handler":"onBtnReturn"}],"_N$transition":2,"transition":2,"_N$normalColor":{"__type__":"cc.Color","r":230,"g":230,"b":230},"_N$pressedColor":{"__type__":"cc.Color","r":200,"g":200,"b":200},"pressedColor":{"__type__":"cc.Color","r":200,"g":200,"b":200},"_N$disabledColor":{"__type__":"cc.Color","r":120,"g":120,"b":120,"a":200},"_N$normalSprite":{"__uuid__":"f0BIwQ8D5Ml7nTNQbh1YlS"},"_N$pressedSprite":{"__uuid__":"e97GVMl6JHh5Ml5qEDdSGa"},"pressedSprite":{"__uuid__":"e97GVMl6JHh5Ml5qEDdSGa"},"_N$hoverSprite":{"__uuid__":"f0BIwQ8D5Ml7nTNQbh1YlS"},"hoverSprite":{"__uuid__":"f0BIwQ8D5Ml7nTNQbh1YlS"},"_N$disabledSprite":{"__uuid__":"29FYIk+N1GYaeWH/q1NxQO"},"_N$target":{"__id__":6}},{"__type__":"cc.Node","_name":"buttonReturn","_parent":{"__id__":1},"_components":[{"__type__":"0aa93OGKPROUJNiWk2hNh3k","node":{"__id__":9},"returnButton":{"__id__":8}}],"_trs":{"__type__":"TypedArray","ctor":"Float32Array","array":[0,0,0,0,0,0,1,1,1,1]},"_id":"ee6BU3sxhG67CMd9oExeXL"}],{"__type__":"cc.SpriteFrame","content":{"name":"default_btn_pressed","texture":"b4P/PCArtIdIH38t6mlw8Y","rect":[0,0,40,40],"offset":[0,0],"originalSize":[40,40],"capInsets":[12,12,12,12]}},{"__type__":"cc.SpriteFrame","content":{"name":"default_btn_normal","texture":"e8Ueib+qJEhL6mXAHdnwbi","rect":[0,0,40,40],"offset":[0,0],"originalSize":[40,40],"capInsets":[12,12,12,12]}}]