[{"__type__":"cc.SpriteFrame","content":{"name":"default_btn_disabled","texture":"71VhFCTINJM6/Ky3oX9nBT","rect":[0,0,40,40],"offset":[0,0],"originalSize":[40,40],"capInsets":[12,12,12,12]}},{"__type__":"cc.SpriteFrame","content":{"name":"menuSprite_2","texture":"15tPGW8XFBB53hspVoC7sJ","rect":[0,0,1024,768],"offset":[0,0],"originalSize":[1024,768],"capInsets":[0,0,0,0]}},{"__type__":"cc.SpriteFrame","content":{"name":"menuSprite_0","texture":"abGhNy3dBA3ZJ8tzqPuehG","rect":[0,0,1024,768],"offset":[0,0],"originalSize":[1024,768],"capInsets":[0,0,0,0]}},{"__type__":"cc.SpriteFrame","content":{"name":"menuSprite_5","texture":"9bRHIljpdO5L1bzPLJY1wO","rect":[0,0,1024,768],"offset":[0,0],"originalSize":[1024,768],"capInsets":[0,0,0,0]}},{"__type__":"cc.SpriteFrame","content":{"name":"menuSprite_6","texture":"155fL1tQRHpZZ1PmTmQG4m","rect":[0,0,1024,768],"offset":[0,0],"originalSize":[1024,768],"capInsets":[0,0,0,0]}},{"__type__":"cc.SpriteFrame","content":{"name":"menuSprite_1","texture":"8d/dET0MtNMaDfGysVms9p","rect":[0,0,1024,768],"offset":[0,0],"originalSize":[1024,768],"capInsets":[0,0,0,0]}},{"__type__":"cc.SpriteFrame","content":{"name":"menuSprite_4","texture":"98toor6E5HgLL6sLPy3Ldc","rect":[0,0,1024,768],"offset":[0,0],"originalSize":[1024,768],"capInsets":[0,0,0,0]}},{"__type__":"cc.SpriteFrame","content":{"name":"menuSprite_3","texture":"8d516gIFBAwbD8Se4q+OVy","rect":[0,0,1024,768],"offset":[0,0],"originalSize":[1024,768],"capInsets":[0,0,0,0]}},{"__type__":"cc.AnimationClip","_name":"menuBackground","_duration":10.033333333333333,"wrapMode":2,"curveData":{"comps":{"cc.Sprite":{"spriteFrame":[{"frame":0,"value":{"__uuid__":"73C40a+1xBo7Nlf8+E18kp"}},{"frame":0.08333333333333333,"value":{"__uuid__":"6aaOptF3dJUavFxncBnDBt"}},{"frame":0.16666666666666666,"value":{"__uuid__":"86ix0Y1jJLzrDm9icuyz00"}},{"frame":0.25,"value":{"__uuid__":"638WwK2HlMN6+hhLkOy5gd"}},{"frame":0.3333333333333333,"value":{"__uuid__":"cbHyEVvpRM65wYvYoIElA4"}},{"frame":0.4166666666666667,"value":{"__uuid__":"c0pqPIKQBEKZWCdY2CnBWM"}},{"frame":0.5,"value":{"__uuid__":"72JaYmZ6xOVbf6W/+Vl8Jk"}},{"frame":0.5833333333333334,"value":{"__uuid__":"73C40a+1xBo7Nlf8+E18kp"}},{"frame":0.9166666666666666,"value":{"__uuid__":"73C40a+1xBo7Nlf8+E18kp"}},{"frame":10.016666666666667,"value":{"__uuid__":"73C40a+1xBo7Nlf8+E18kp"}}]}}}},{"__type__":"cc.SpriteFrame","content":{"name":"default_btn_pressed","texture":"b4P/PCArtIdIH38t6mlw8Y","rect":[0,0,40,40],"offset":[0,0],"originalSize":[40,40],"capInsets":[12,12,12,12]}},{"__type__":"cc.SpriteFrame","content":{"name":"default_btn_normal","texture":"e8Ueib+qJEhL6mXAHdnwbi","rect":[0,0,40,40],"offset":[0,0],"originalSize":[40,40],"capInsets":[12,12,12,12]}},[{"__type__":"cc.SceneAsset","_name":"GameMenu","scene":{"__id__":1},"asyncLoadAssets":null},{"__type__":"cc.Scene","_name":"New Node","_children":[{"__id__":2},{"__id__":11}],"_anchorPoint":{"__type__":"cc.Vec2"},"_trs":{"__type__":"TypedArray","ctor":"Float32Array","array":[0,0,0,0,0,0,1,1,1,1]},"autoReleaseAssets":false},{"__type__":"cc.Node","_name":"Canvas","_parent":{"__id__":1},"_children":[{"__id__":3},{"__id__":4},{"__id__":20},{"__id__":21}],"_components":[{"__type__":"cc.Canvas","node":{"__id__":2}}],"_contentSize":{"__type__":"cc.Size","width":960,"height":640},"_trs":{"__type__":"TypedArray","ctor":"Float32Array","array":[480,320,0,0,0,0,1,1,1,1]},"_id":"e0wjBndVJLraBz6PZT0v9K"},{"__type__":"cc.Node","_name":"menuSprite_6","_parent":{"__id__":2},"_components":[{"__type__":"cc.Sprite","node":{"__id__":3},"_materials":[{"__uuid__":"ecpdLyjvZBwrvm+cedCcQy"}],"_spriteFrame":{"__uuid__":"73C40a+1xBo7Nlf8+E18kp"}},{"__type__":"cc.Animation","node":{"__id__":3},"_defaultClip":{"__uuid__":"e4YCUaIhlLMbelpfkRKSTt"},"_clips":[{"__uuid__":"e4YCUaIhlLMbelpfkRKSTt"}],"playOnLoad":true}],"_contentSize":{"__type__":"cc.Size","width":1024,"height":768},"_trs":{"__type__":"TypedArray","ctor":"Float32Array","array":[0,0,0,0,0,0,1,1.5,1.5,1]}},{"__type__":"cc.Node","_name":"richtext","_parent":{"__id__":2},"_children":[{"__id__":5},{"__id__":6},{"__id__":7},{"__id__":13},{"__id__":17}],"_components":[{"__type__":"cc.RichText","node":{"__id__":4},"_N$string":"<color=#ffffff>星空 </c><color=#ffffff>流浪</color>","_N$horizontalAlign":1,"_N$fontSize":70,"_N$lineHeight":50},{"__type__":"cc.Widget","node":{"__id__":4},"_alignFlags":1,"_top":65.91099548339844}],"_contentSize":{"__type__":"cc.Size","width":299.45,"height":63},"_trs":{"__type__":"TypedArray","ctor":"Float32Array","array":[0,222.58900451660156,0,0,0,0,1,1,1,1]}},{"__type__":"cc.PrivateNode","_name":"RICHTEXT_CHILD","_objFlags":1024,"_parent":{"__id__":4},"_components":[{"__type__":"cc.Label","node":{"__id__":5},"_materials":[{"__uuid__":"ecpdLyjvZBwrvm+cedCcQy"}],"_string":"星空 ","_N$string":"星空 ","_fontSize":70,"_lineHeight":50,"_N$verticalAlign":1}],"_contentSize":{"__type__":"cc.Size","width":159.45,"height":63},"_anchorPoint":{"__type__":"cc.Vec2"},"_trs":{"__type__":"TypedArray","ctor":"Float32Array","array":[-149.72500610351562,-31.5,0,0,0,0,1,1,1,1]}},{"__type__":"cc.PrivateNode","_name":"RICHTEXT_CHILD","_objFlags":1024,"_parent":{"__id__":4},"_components":[{"__type__":"cc.Label","node":{"__id__":6},"_materials":[{"__uuid__":"ecpdLyjvZBwrvm+cedCcQy"}],"_string":"流浪","_N$string":"流浪","_fontSize":70,"_lineHeight":50,"_N$verticalAlign":1}],"_contentSize":{"__type__":"cc.Size","width":140,"height":63},"_anchorPoint":{"__type__":"cc.Vec2"},"_trs":{"__type__":"TypedArray","ctor":"Float32Array","array":[9.725000381469727,-31.5,0,0,0,0,1,1,1,1]}},{"__type__":"cc.Node","_name":"Start","_parent":{"__id__":4},"_children":[{"__id__":8}],"_components":[{"__id__":10},{"__type__":"cc.Widget","node":{"__id__":7},"_alignFlags":1,"_top":164.5469970703125}],"_contentSize":{"__type__":"cc.Size","width":100,"height":40},"_trs":{"__type__":"TypedArray","ctor":"Float32Array","array":[0,-153.0469970703125,0,0,0,0,1,1,1,1]}},{"__type__":"cc.Node","_name":"Background","_parent":{"__id__":7},"_children":[{"__id__":9}],"_components":[{"__type__":"cc.Sprite","node":{"__id__":8},"_materials":[{"__uuid__":"ecpdLyjvZBwrvm+cedCcQy"}],"_spriteFrame":{"__uuid__":"f0BIwQ8D5Ml7nTNQbh1YlS"},"_type":1,"_sizeMode":0},{"__type__":"cc.Widget","node":{"__id__":8},"alignMode":0,"_alignFlags":45,"_originalWidth":100,"_originalHeight":40}],"_contentSize":{"__type__":"cc.Size","width":100,"height":40},"_trs":{"__type__":"TypedArray","ctor":"Float32Array","array":[0,0,0,0,0,0,1,1,1,1]}},{"__type__":"cc.Node","_name":"Label","_parent":{"__id__":8},"_components":[{"__type__":"cc.Label","node":{"__id__":9},"_materials":[{"__uuid__":"ecpdLyjvZBwrvm+cedCcQy"}],"_useOriginalSize":false,"_string":"Start","_N$string":"Start","_fontSize":20,"_enableWrapText":false,"_N$horizontalAlign":1,"_N$verticalAlign":1,"_N$overflow":1}],"_color":{"__type__":"cc.Color"},"_contentSize":{"__type__":"cc.Size","width":100,"height":40},"_trs":{"__type__":"TypedArray","ctor":"Float32Array","array":[0,0,0,0,0,0,1,1,1,1]}},{"__type__":"cc.Button","node":{"__id__":7},"clickEvents":[{"__type__":"cc.ClickEvent","target":{"__id__":11},"_componentId":"b3c41K1Y0hIbaVfsXSZzz8N","handler":"onBtnStart"}],"_N$transition":2,"transition":2,"_N$normalColor":{"__type__":"cc.Color","r":230,"g":230,"b":230},"_N$pressedColor":{"__type__":"cc.Color","r":200,"g":200,"b":200},"pressedColor":{"__type__":"cc.Color","r":200,"g":200,"b":200},"_N$disabledColor":{"__type__":"cc.Color","r":120,"g":120,"b":120,"a":200},"_N$normalSprite":{"__uuid__":"f0BIwQ8D5Ml7nTNQbh1YlS"},"_N$pressedSprite":{"__uuid__":"e97GVMl6JHh5Ml5qEDdSGa"},"pressedSprite":{"__uuid__":"e97GVMl6JHh5Ml5qEDdSGa"},"_N$hoverSprite":{"__uuid__":"f0BIwQ8D5Ml7nTNQbh1YlS"},"hoverSprite":{"__uuid__":"f0BIwQ8D5Ml7nTNQbh1YlS"},"_N$disabledSprite":{"__uuid__":"29FYIk+N1GYaeWH/q1NxQO"},"_N$target":{"__id__":8}},{"__type__":"cc.Node","_name":"Button","_parent":{"__id__":1},"_components":[{"__type__":"b3c41K1Y0hIbaVfsXSZzz8N","node":{"__id__":11},"startButton":{"__id__":10},"helpButton":{"__id__":12},"quitButton":{"__id__":16}}],"_trs":{"__type__":"TypedArray","ctor":"Float32Array","array":[0,0,0,0,0,0,1,1,1,1]},"_id":"a3QVLV2AZEko9GN8E6D/M+"},{"__type__":"cc.Button","node":{"__id__":13},"clickEvents":[{"__type__":"cc.ClickEvent","target":{"__id__":11},"_componentId":"b3c41K1Y0hIbaVfsXSZzz8N","handler":"onBtnhelp"}],"_N$transition":2,"transition":2,"_N$normalColor":{"__type__":"cc.Color","r":230,"g":230,"b":230},"_N$pressedColor":{"__type__":"cc.Color","r":200,"g":200,"b":200},"pressedColor":{"__type__":"cc.Color","r":200,"g":200,"b":200},"_N$disabledColor":{"__type__":"cc.Color","r":120,"g":120,"b":120,"a":200},"_N$normalSprite":{"__uuid__":"f0BIwQ8D5Ml7nTNQbh1YlS"},"_N$pressedSprite":{"__uuid__":"e97GVMl6JHh5Ml5qEDdSGa"},"pressedSprite":{"__uuid__":"e97GVMl6JHh5Ml5qEDdSGa"},"_N$hoverSprite":{"__uuid__":"f0BIwQ8D5Ml7nTNQbh1YlS"},"hoverSprite":{"__uuid__":"f0BIwQ8D5Ml7nTNQbh1YlS"},"_N$disabledSprite":{"__uuid__":"29FYIk+N1GYaeWH/q1NxQO"},"_N$target":{"__id__":14}},{"__type__":"cc.Node","_name":"Help","_parent":{"__id__":4},"_children":[{"__id__":14}],"_components":[{"__id__":12},{"__type__":"cc.Widget","node":{"__id__":13},"_alignFlags":1,"_top":228.656005859375}],"_contentSize":{"__type__":"cc.Size","width":100,"height":40},"_trs":{"__type__":"TypedArray","ctor":"Float32Array","array":[0,-217.156005859375,0,0,0,0,1,1,1,1]}},{"__type__":"cc.Node","_name":"Background","_parent":{"__id__":13},"_children":[{"__id__":15}],"_components":[{"__type__":"cc.Sprite","node":{"__id__":14},"_materials":[{"__uuid__":"ecpdLyjvZBwrvm+cedCcQy"}],"_spriteFrame":{"__uuid__":"f0BIwQ8D5Ml7nTNQbh1YlS"},"_type":1,"_sizeMode":0},{"__type__":"cc.Widget","node":{"__id__":14},"alignMode":0,"_alignFlags":45,"_originalWidth":100,"_originalHeight":40}],"_contentSize":{"__type__":"cc.Size","width":100,"height":40},"_trs":{"__type__":"TypedArray","ctor":"Float32Array","array":[0,0,0,0,0,0,1,1,1,1]}},{"__type__":"cc.Node","_name":"Label","_parent":{"__id__":14},"_components":[{"__type__":"cc.Label","node":{"__id__":15},"_materials":[{"__uuid__":"ecpdLyjvZBwrvm+cedCcQy"}],"_useOriginalSize":false,"_string":"Help","_N$string":"Help","_fontSize":20,"_enableWrapText":false,"_N$horizontalAlign":1,"_N$verticalAlign":1,"_N$overflow":1}],"_color":{"__type__":"cc.Color"},"_contentSize":{"__type__":"cc.Size","width":100,"height":40},"_trs":{"__type__":"TypedArray","ctor":"Float32Array","array":[0,0,0,0,0,0,1,1,1,1]}},{"__type__":"cc.Button","node":{"__id__":17},"clickEvents":[{"__type__":"cc.ClickEvent","target":{"__id__":11},"_componentId":"b3c41K1Y0hIbaVfsXSZzz8N","handler":"onBtnQuit"}],"_N$transition":2,"transition":2,"_N$normalColor":{"__type__":"cc.Color","r":230,"g":230,"b":230},"_N$pressedColor":{"__type__":"cc.Color","r":200,"g":200,"b":200},"pressedColor":{"__type__":"cc.Color","r":200,"g":200,"b":200},"_N$disabledColor":{"__type__":"cc.Color","r":120,"g":120,"b":120,"a":200},"_N$normalSprite":{"__uuid__":"f0BIwQ8D5Ml7nTNQbh1YlS"},"_N$pressedSprite":{"__uuid__":"e97GVMl6JHh5Ml5qEDdSGa"},"pressedSprite":{"__uuid__":"e97GVMl6JHh5Ml5qEDdSGa"},"_N$hoverSprite":{"__uuid__":"f0BIwQ8D5Ml7nTNQbh1YlS"},"hoverSprite":{"__uuid__":"f0BIwQ8D5Ml7nTNQbh1YlS"},"_N$disabledSprite":{"__uuid__":"29FYIk+N1GYaeWH/q1NxQO"},"_N$target":{"__id__":18}},{"__type__":"cc.Node","_name":"Quit","_parent":{"__id__":4},"_children":[{"__id__":18}],"_components":[{"__id__":16},{"__type__":"cc.Widget","node":{"__id__":17},"_alignFlags":1,"_top":292.7640075683594}],"_contentSize":{"__type__":"cc.Size","width":100,"height":40},"_trs":{"__type__":"TypedArray","ctor":"Float32Array","array":[0,-281.2640075683594,0,0,0,0,1,1,1,1]}},{"__type__":"cc.Node","_name":"Background","_parent":{"__id__":17},"_children":[{"__id__":19}],"_components":[{"__type__":"cc.Sprite","node":{"__id__":18},"_materials":[{"__uuid__":"ecpdLyjvZBwrvm+cedCcQy"}],"_spriteFrame":{"__uuid__":"f0BIwQ8D5Ml7nTNQbh1YlS"},"_type":1,"_sizeMode":0},{"__type__":"cc.Widget","node":{"__id__":18},"alignMode":0,"_alignFlags":45,"_originalWidth":100,"_originalHeight":40}],"_contentSize":{"__type__":"cc.Size","width":100,"height":40},"_trs":{"__type__":"TypedArray","ctor":"Float32Array","array":[0,0,0,0,0,0,1,1,1,1]}},{"__type__":"cc.Node","_name":"Label","_parent":{"__id__":18},"_components":[{"__type__":"cc.Label","node":{"__id__":19},"_materials":[{"__uuid__":"ecpdLyjvZBwrvm+cedCcQy"}],"_useOriginalSize":false,"_string":"Quit","_N$string":"Quit","_fontSize":20,"_enableWrapText":false,"_N$horizontalAlign":1,"_N$verticalAlign":1,"_N$overflow":1}],"_color":{"__type__":"cc.Color"},"_contentSize":{"__type__":"cc.Size","width":100,"height":40},"_trs":{"__type__":"TypedArray","ctor":"Float32Array","array":[0,0,0,0,0,0,1,1,1,1]}},{"__type__":"cc.Node","_name":"Main Camera","_parent":{"__id__":2},"_components":[{"__type__":"cc.Camera","node":{"__id__":20},"_clearFlags":7,"_depth":-1}],"_trs":{"__type__":"TypedArray","ctor":"Float32Array","array":[0,0,544.72998046875,0,0,0,1,1,1,1]}},{"__type__":"cc.Node","_name":"New Node","_parent":{"__id__":2},"_components":[{"__type__":"cc.Animation","node":{"__id__":21},"_defaultClip":{"__uuid__":"58Y7Kwmp9GboxWFI8AFNIx"},"_clips":[{"__uuid__":"58Y7Kwmp9GboxWFI8AFNIx"}],"playOnLoad":true},{"__type__":"cc.Sprite","node":{"__id__":21}}],"_trs":{"__type__":"TypedArray","ctor":"Float32Array","array":[-227.13600158691406,0,0,0,0,0,1,1,1,1]}}]]