[{"__type__":"cc.SpriteFrame","content":{"name":"sprite_5","texture":"11WkrcoFtLw4hHTyyjd9Ud","rect":[63,63,1,1],"offset":[31.5,-31.5],"originalSize":[64,64],"capInsets":[0,0,0,0]}},{"__type__":"cc.SpriteFrame","content":{"name":"sprite_2","texture":"21r+ASV0ZMR5Yvq7iUymvF","rect":[10,10,44,50],"offset":[0,-3],"originalSize":[64,64],"capInsets":[0,0,0,0]}},{"__type__":"cc.SpriteFrame","content":{"name":"sprite_06","texture":"bdtJDkP3VEMqfQXR+2u/WI","rect":[18,18,44,42],"offset":[8,-7],"originalSize":[64,64],"capInsets":[0,0,0,0]}},{"__type__":"cc.SpriteFrame","content":{"name":"sprite_0","texture":"4b9eth0v9Pa5kNRL13QI7B","rect":[12,0,40,52],"offset":[0,6],"originalSize":[64,64],"capInsets":[0,0,0,0]}},{"__type__":"cc.SpriteFrame","content":{"name":"sprite_07","texture":"a10TEZPBBB3JS1v/ku20l4","rect":[16,2,44,40],"offset":[6,10],"originalSize":[64,64],"capInsets":[0,0,0,0]}},{"__type__":"cc.SpriteFrame","content":{"name":"sprite_03","texture":"e7+q0kyQdIXK4aB6uhrot2","rect":[8,12,44,40],"offset":[-2,0],"originalSize":[64,64],"capInsets":[0,0,0,0]}},{"__type__":"cc.SpriteFrame","content":{"name":"sprite_1","texture":"00XLmEXa9IR7vQVLxlsz7M","rect":[12,2,40,50],"offset":[0,5],"originalSize":[64,64],"capInsets":[0,0,0,0]}},{"__type__":"cc.SpriteFrame","content":{"name":"onCrash1","texture":"86XLk84tdHeLMJAXyw15v3","rect":[16,20,92,84],"offset":[-2,2],"originalSize":[128,128],"capInsets":[0,0,0,0]}},{"__type__":"cc.SpriteFrame","content":{"name":"sprite_03","texture":"47y9/OmS9G2KItPy5Pyf2W","rect":[16,6,44,42],"offset":[6,5],"originalSize":[64,64],"capInsets":[0,0,0,0]}},{"__type__":"cc.SpriteFrame","content":{"name":"sprite_1","texture":"25FbaeJI5O/LXGBo7EqlV9","rect":[4,4,58,52],"offset":[1,2],"originalSize":[64,64],"capInsets":[0,0,0,0]}},{"__type__":"cc.SpriteFrame","content":{"name":"sprite_12","texture":"9dAf/z32RMa5qR57wL3OrB","rect":[0,22,44,42],"offset":[-10,-11],"originalSize":[64,64],"capInsets":[0,0,0,0]}},{"__type__":"cc.SpriteFrame","content":{"name":"sprite_01","texture":"eeVkPica5EmI0ZQ0tdeAv0","rect":[8,6,44,42],"offset":[-2,5],"originalSize":[64,64],"capInsets":[0,0,0,0]}},{"__type__":"cc.AnimationClip","_name":"stone","_duration":0.18333333333333332,"wrapMode":2,"curveData":{"comps":{"cc.Sprite":{"spriteFrame":[{"frame":0,"value":{"__uuid__":"09+6On/DtI4YTUa9G9J9yA"}},{"frame":0.08333333333333333,"value":{"__uuid__":"b5gme+lZtJVry7Y+CwQHvQ"}},{"frame":0.16666666666666666,"value":{"__uuid__":"acv/kt5I5AtoNf1gXoze1V"}}]}}}},{"__type__":"cc.SpriteFrame","content":{"name":"sprite_07","texture":"f7Sse6xS5JIIWJplBZx6z3","rect":[12,4,44,42],"offset":[2,7],"originalSize":[64,64],"capInsets":[0,0,0,0]}},{"__type__":"cc.SpriteFrame","content":{"name":"sprite_1","texture":"5bIUSv/7dEzqJipSWF/FZz","rect":[0,0,1024,768],"offset":[0,0],"originalSize":[1024,768],"capInsets":[0,0,0,0]}},{"__type__":"cc.SpriteFrame","content":{"name":"sprite_5","texture":"b1FH5iWcNJSYGq69Kgyh7L","rect":[0,0,1024,768],"offset":[0,0],"originalSize":[1024,768],"capInsets":[0,0,0,0]}},{"__type__":"cc.AnimationClip","_name":"Storage","_duration":0.18333333333333332,"curveData":{"comps":{"cc.Sprite":{"spriteFrame":[{"frame":0,"value":{"__uuid__":"d8UzXrIXFHcbVlVFc8BI0Q"}},{"frame":0.08333333333333333,"value":{"__uuid__":"efl8dCsAdPw7LybIfEUbCj"}},{"frame":0.16666666666666666,"value":{"__uuid__":"0485pZMBVNd7dWS0e30cGP"}}]}}}},{"__type__":"cc.SpriteFrame","content":{"name":"sprite_01","texture":"d39Ev+WhxJ94vC+oKbnNtz","rect":[10,10,44,44],"offset":[0,0],"originalSize":[64,64],"capInsets":[0,0,0,0]}},{"__type__":"cc.AnimationClip","_name":"radar","_duration":1.35,"wrapMode":2,"curveData":{"comps":{"cc.Sprite":{"spriteFrame":[{"frame":0.016666666666666666,"value":{"__uuid__":"5cOLST2wRGc4Io2rwkixHk"}},{"frame":0.16666666666666666,"value":{"__uuid__":"81MpTnJWNDf4ciNB+A7clt"}},{"frame":0.3333333333333333,"value":{"__uuid__":"56BGkw5Z9ACpTEjsiA9dhn"}},{"frame":0.5,"value":{"__uuid__":"fe6wFP1+xHxZgS+OulUENN"}},{"frame":0.6666666666666666,"value":{"__uuid__":"dbF29OFbhAfqlVzD4ubfg+"}},{"frame":0.8333333333333334,"value":{"__uuid__":"d9muhbzCRKeL9idyCNhReL"}},{"frame":1,"value":{"__uuid__":"4bFoYxVXtJT4VAkLeoGe+g"}},{"frame":1.1666666666666667,"value":{"__uuid__":"b2He5439BFELllH4fdTisI"}},{"frame":1.3333333333333333,"value":{"__uuid__":"eflfCXaZ5H479yNJyxfjiT"}}]}}}},{"__type__":"cc.SpriteFrame","content":{"name":"sprite_3","texture":"25q5KuqStKt4jSfB5swJiS","rect":[2,4,58,58],"offset":[-1,-1],"originalSize":[64,64],"capInsets":[0,0,0,0]}},{"__type__":"cc.SpriteFrame","content":{"name":"sprite_09","texture":"5d1YotG7dFBJp8HpjkJzmg","rect":[14,8,44,42],"offset":[4,3],"originalSize":[64,64],"capInsets":[0,0,0,0]}},{"__type__":"cc.SpriteFrame","content":{"name":"sprite_3","texture":"44TvLgv8BAk4XYg5c1T7t0","rect":[0,0,1024,768],"offset":[0,0],"originalSize":[1024,768],"capInsets":[0,0,0,0]}},{"__type__":"cc.AnimationClip","_name":"stone_break","_duration":0.3333333333333333,"curveData":{"comps":{"cc.Sprite":{"spriteFrame":[{"frame":0,"value":{"__uuid__":"88j24Y1rFF65U9N/YsT/7o"}},{"frame":0.06666666666666667,"value":{"__uuid__":"88j24Y1rFF65U9N/YsT/7o"}},{"frame":0.15,"value":{"__uuid__":"84zDpOhqBKWLRjETtJ7wCP"}},{"frame":0.23333333333333334,"value":{"__uuid__":"a1VtgrnYZEzY6jPIvE7NR5"}},{"frame":0.31666666666666665,"value":{"__uuid__":"a5mZr2b1JEoZraDmm2bB9X"}}]}}},"events":[{"frame":0.31666666666666665,"func":"onHitEnd","params":[]}]},[{"__type__":"cc.Prefab","_name":"onCrash3","data":{"__id__":1}},{"__type__":"cc.Node","_name":"onCrash3","_components":[{"__type__":"cc.Sprite","node":{"__id__":1},"_materials":[{"__uuid__":"ecpdLyjvZBwrvm+cedCcQy"}],"_spriteFrame":{"__uuid__":"6cXPDxTNZI8JkWUr7Q3QAt"}},{"__type__":"e5f6cdpEfNJM4dD+/0StFk2","node":{"__id__":1}}],"_prefab":{"__type__":"cc.PrefabInfo","root":{"__id__":1},"asset":{"__uuid__":"38frVyka5BKJVxKaCZnVOj"},"fileId":"83f2GEAWxDMLULD0MTEfl1"},"_contentSize":{"__type__":"cc.Size","width":12,"height":114},"_anchorPoint":{"__type__":"cc.Vec2","x":2,"y":0.5},"_trs":{"__type__":"TypedArray","ctor":"Float32Array","array":[0,0,0,0,0,0,1,1,1,1]},"_groupIndex":4,"groupIndex":4}],{"__type__":"cc.SpriteFrame","content":{"name":"controlStick","texture":"83y6t5VYFMq4rMhYUYgP6x","rect":[6,6,52,52],"offset":[0,0],"originalSize":[64,64],"capInsets":[0,0,0,0]}},{"__type__":"cc.SpriteFrame","content":{"name":"sprite_6","texture":"6cvCjDl0NHJbvOsBeLkh7s","rect":[0,0,1024,768],"offset":[0,0],"originalSize":[1024,768],"capInsets":[0,0,0,0]}},{"__type__":"cc.SpriteFrame","content":{"name":"sprite_00","texture":"ecScBKV/xBn4VNLR1HrynO","rect":[10,10,44,46],"offset":[0,-1],"originalSize":[64,64],"capInsets":[0,0,0,0]}},{"__type__":"cc.SpriteFrame","content":{"name":"sprite_13","texture":"9bwqOX5CZIEp83XbeYHUot","rect":[20,22,44,42],"offset":[10,-11],"originalSize":[64,64],"capInsets":[0,0,0,0]}},{"__type__":"cc.SpriteFrame","content":{"name":"sprite_10","texture":"7cO+BvK5tDB49kfK5JRI6m","rect":[0,0,44,42],"offset":[-10,11],"originalSize":[64,64],"capInsets":[0,0,0,0]}},{"__type__":"cc.SpriteFrame","content":{"name":"sprite_0","texture":"97iA8RsVpPRKq7bDUXHyzK","rect":[10,8,44,54],"offset":[0,-3],"originalSize":[64,64],"capInsets":[0,0,0,0]}},[{"__type__":"cc.Prefab","_name":"slowStone","data":{"__id__":1},"optimizationPolicy":2},{"__type__":"cc.Node","_name":"Bullet from upside","_components":[{"__type__":"cc.Sprite","node":{"__id__":1},"_materials":[{"__uuid__":"ecpdLyjvZBwrvm+cedCcQy"}],"_spriteFrame":{"__uuid__":"0457PzF6NLuI+KCbAgte7j"}},{"__type__":"cc.BoxCollider","node":{"__id__":1},"_size":{"__type__":"cc.Size","width":18,"height":42}},{"__type__":"cc.Animation","node":{"__id__":1},"_defaultClip":{"__uuid__":"1e8O7o5tRO6IFuDr3cULUo"},"_clips":[{"__uuid__":"1e8O7o5tRO6IFuDr3cULUo"},{"__uuid__":"63vSLz0WRP3ZuyeYEdq3IZ"}],"playOnLoad":true},{"__type__":"a6c9fa1FspNqotG3sxR2gro","node":{"__id__":1}}],"_prefab":{"__type__":"cc.PrefabInfo","root":{"__id__":1},"asset":{"__uuid__":"48FcjqUPlJJ5VCC0CfuOU9"},"fileId":"c8c0gMl/FLtIIqnQmFsnF0"},"_contentSize":{"__type__":"cc.Size","width":1,"height":1},"_trs":{"__type__":"TypedArray","ctor":"Float32Array","array":[83,0,0,0,0,0,1,1,1,1]},"_groupIndex":2,"groupIndex":2}],{"__type__":"cc.SpriteFrame","content":{"name":"sprite_0","texture":"abiuelsglKUrkvtOdrvKtO","rect":[4,10,120,96],"offset":[0,6],"originalSize":[128,128],"capInsets":[0,0,0,0]}},{"__type__":"cc.SpriteFrame","content":{"name":"crash","texture":"217JbrpbFP2JhocWsdESAw","rect":[10,8,44,32],"offset":[0,8],"originalSize":[64,64],"capInsets":[0,0,0,0]}},{"__type__":"cc.SpriteFrame","content":{"name":"sprite_6","texture":"a02QmrOutNsZUbGRe8VwZY","rect":[6,8,52,52],"offset":[0,-2],"originalSize":[64,64],"capInsets":[0,0,0,0]}},{"__type__":"cc.SpriteFrame","content":{"name":"sprite_0","texture":"e45QG5ePhAxp6aLnJxAmJX","rect":[6,10,54,38],"offset":[1,3],"originalSize":[64,64],"capInsets":[0,0,0,0]}},{"__type__":"cc.AnimationClip","_name":"stone","_duration":0.18333333333333332,"wrapMode":2,"curveData":{"comps":{"cc.Sprite":{"spriteFrame":[{"frame":0,"value":{"__uuid__":"76eaoe2jJLeKUFDIpVsOMw"}},{"frame":0.08333333333333333,"value":{"__uuid__":"15ano/YV1Lf4Zd8+jfPnij"}},{"frame":0.16666666666666666,"value":{"__uuid__":"80YIFUmNtMa4TEJKS1+mC0"}}]}}}},{"__type__":"cc.SpriteFrame","content":{"name":"sprite_0","texture":"caLQDPtJxDDq3jVgwsxSvP","rect":[12,2,40,50],"offset":[0,5],"originalSize":[64,64],"capInsets":[0,0,0,0]}},{"__type__":"cc.SpriteFrame","content":{"name":"sprite_2","texture":"07wn4R3VxFi4Furz2nm6/R","rect":[6,8,52,52],"offset":[0,-2],"originalSize":[64,64],"capInsets":[0,0,0,0]}},{"__type__":"cc.AnimationClip","_name":"stone","_duration":0.18333333333333332,"wrapMode":2,"curveData":{"comps":{"cc.Sprite":{"spriteFrame":[{"frame":0,"value":{"__uuid__":"52qeY1NjRES4HzuJNS9wX6"}},{"frame":0.08333333333333333,"value":{"__uuid__":"60cvasP5dLdKr6lEl5ZT7K"}},{"frame":0.16666666666666666,"value":{"__uuid__":"6ahNspr9NLA59GNWC4CKNr"}}]}}}},{"__type__":"cc.SpriteFrame","content":{"name":"sprite_09","texture":"50WG7MIH1FQZ2647vKOgk/","rect":[10,8,44,40],"offset":[0,4],"originalSize":[64,64],"capInsets":[0,0,0,0]}},{"__type__":"cc.SpriteFrame","content":{"name":"sprite_0","texture":"ce+F4UKxpJ7JpfhT9wyVtY","rect":[6,8,52,52],"offset":[0,-2],"originalSize":[64,64],"capInsets":[0,0,0,0]}},{"__type__":"cc.SpriteFrame","content":{"name":"sprite_3","texture":"0dPvSRDBNPipHNCqMLt2Mh","rect":[2,30,124,88],"offset":[0,-10],"originalSize":[128,128],"capInsets":[0,0,0,0]}},{"__type__":"cc.SpriteFrame","content":{"name":"sprite_1","texture":"5fATE14OlDnrg9E7+n3kPC","rect":[12,0,40,52],"offset":[0,6],"originalSize":[64,64],"capInsets":[0,0,0,0]}},{"__type__":"cc.AnimationClip","_name":"stone_break","_duration":0.43333333333333335,"curveData":{"comps":{"cc.Sprite":{"spriteFrame":[{"frame":0,"value":{"__uuid__":"b2YvsPoUhAb5QB9/Jg6gdT"}},{"frame":0.08333333333333333,"value":{"__uuid__":"17YxvfRixHwJfpJ8sz6Dft"}},{"frame":0.16666666666666666,"value":{"__uuid__":"6b5CPSqgxB+JpV3da7l6m9"}},{"frame":0.25,"value":{"__uuid__":"92JXAX9WdDMoRBW5od+2k2"}},{"frame":0.3333333333333333,"value":{"__uuid__":"c5E5DxUnNLBqO7KlUbFqEj"}},{"frame":0.4166666666666667,"value":{"__uuid__":"0457PzF6NLuI+KCbAgte7j"}}]}}},"events":[{"frame":0.4166666666666667,"func":"onHitEnd","params":[]}]},{"__type__":"cc.SpriteFrame","content":{"name":"sprite_1","texture":"7bSbG3f7dCx79kjSlTvyfc","rect":[4,4,58,52],"offset":[1,2],"originalSize":[64,64],"capInsets":[0,0,0,0]}},{"__type__":"cc.SpriteFrame","content":{"name":"sprite_2","texture":"65PUmgOb9B1rZyulE1p4/c","rect":[12,0,40,52],"offset":[0,6],"originalSize":[64,64],"capInsets":[0,0,0,0]}},{"__type__":"cc.SpriteFrame","content":{"name":"sprite_2","texture":"b8/lE1fxpNbKqFlZe1oPh4","rect":[6,4,52,50],"offset":[0,3],"originalSize":[64,64],"capInsets":[0,0,0,0]}},{"__type__":"cc.SpriteFrame","content":{"name":"onCrash3","texture":"17mx/OJYtFuLYxG75D3D8w","rect":[54,4,12,114],"offset":[-4,3],"originalSize":[128,128],"capInsets":[0,0,0,0]}},[{"__type__":"cc.Prefab","_name":"onCrash1","data":{"__id__":1}},{"__type__":"cc.Node","_name":"onCrash1","_components":[{"__type__":"cc.Sprite","node":{"__id__":1},"_materials":[{"__uuid__":"ecpdLyjvZBwrvm+cedCcQy"}],"_spriteFrame":{"__uuid__":"16b272SSZMCpAs5foPkD+H"}},{"__type__":"e5f6cdpEfNJM4dD+/0StFk2","node":{"__id__":1}}],"_prefab":{"__type__":"cc.PrefabInfo","root":{"__id__":1},"asset":{"__uuid__":"6cZVDdmr5AkYMxY/Rv/mvF"},"fileId":"c5QMJdpuxLkImGRBzCn0qE"},"_contentSize":{"__type__":"cc.Size","width":92,"height":84},"_trs":{"__type__":"TypedArray","ctor":"Float32Array","array":[0,0,0,0,0,0,1,1,1,1]},"_groupIndex":4,"groupIndex":4}],{"__type__":"cc.SpriteFrame","content":{"name":"sprite_11","texture":"c9mHyk4tNJO7lS/1sxGgpH","rect":[20,0,44,42],"offset":[10,11],"originalSize":[64,64],"capInsets":[0,0,0,0]}},{"__type__":"cc.SpriteFrame","content":{"name":"sprite_05","texture":"78SidHmLVC16L+4N5mL3nY","rect":[6,4,44,40],"offset":[-4,8],"originalSize":[64,64],"capInsets":[0,0,0,0]}},{"__type__":"cc.SpriteFrame","content":{"name":"sprite_0","texture":"62/5jUtd5BULVyWDRsL6WL","rect":[12,0,40,52],"offset":[0,6],"originalSize":[64,64],"capInsets":[0,0,0,0]}},{"__type__":"cc.SpriteFrame","content":{"name":"sprite_08","texture":"3cg1okdVtEe7rvGjajWhMc","rect":[8,18,44,42],"offset":[-2,-7],"originalSize":[64,64],"capInsets":[0,0,0,0]}},{"__type__":"cc.SpriteFrame","content":{"name":"sprite_5","texture":"b3I3AIKYxBSJHhLFxRjFSN","rect":[63,63,1,1],"offset":[31.5,-31.5],"originalSize":[64,64],"capInsets":[0,0,0,0]}},{"__type__":"cc.SpriteFrame","content":{"name":"sprite_2","texture":"50E4W32VJEcKriCLa7VYAB","rect":[12,0,40,52],"offset":[0,6],"originalSize":[64,64],"capInsets":[0,0,0,0]}},{"__type__":"cc.SpriteFrame","content":{"name":"sprite_06","texture":"b8pJDs7ApKw4lAFvSFET9/","rect":[6,12,44,40],"offset":[-4,0],"originalSize":[64,64],"capInsets":[0,0,0,0]}},{"__type__":"cc.SpriteFrame","content":{"name":"sprite_1","texture":"11PvSvUNJFR4o4EToCarFv","rect":[6,8,52,52],"offset":[0,-2],"originalSize":[64,64],"capInsets":[0,0,0,0]}},[{"__type__":"cc.Prefab","_name":"onCrash2","data":{"__id__":1}},{"__type__":"cc.Node","_name":"onCrash2","_components":[{"__type__":"cc.Sprite","node":{"__id__":1},"_materials":[{"__uuid__":"ecpdLyjvZBwrvm+cedCcQy"}],"_spriteFrame":{"__uuid__":"a8J1a+4oxJWJhgI9lB3Ump"}},{"__type__":"e5f6cdpEfNJM4dD+/0StFk2","node":{"__id__":1}}],"_prefab":{"__type__":"cc.PrefabInfo","root":{"__id__":1},"asset":{"__uuid__":"826zLFVGhCBKnP1bb6NwZf"},"fileId":"aa9Zjn1wBLP5R2uurFKDrY"},"_contentSize":{"__type__":"cc.Size","width":114,"height":12},"_anchorPoint":{"__type__":"cc.Vec2","x":0.5,"y":2},"_trs":{"__type__":"TypedArray","ctor":"Float32Array","array":[0,0,0,0,0,0,1,1,1,1]},"_groupIndex":4,"groupIndex":4}],{"__type__":"cc.AnimationClip","_name":"defeated","_duration":1.5166666666666666,"curveData":{"comps":{"cc.Sprite":{"spriteFrame":[{"frame":0,"value":{"__uuid__":"41drEJwwFNWrfUuM6cPUpc"}},{"frame":0.08333333333333333,"value":{"__uuid__":"2eAGeqWpJOyoCl1tVbc6K6"}},{"frame":0.16666666666666666,"value":{"__uuid__":"f6eoZnIxVBVosq/+5tNEOs"}},{"frame":0.25,"value":{"__uuid__":"16nkAqtstDH5URr8a2UEc7"}},{"frame":0.3333333333333333,"value":{"__uuid__":"efjfpMB+NHULxnYwIbCfIV"}},{"frame":0.4166666666666667,"value":{"__uuid__":"e1h28W8EtIhKVS75JhstgM"}},{"frame":0.5,"value":{"__uuid__":"092f6ufbJLDaR/fK913ryT"}},{"frame":0.5833333333333334,"value":{"__uuid__":"1f+DJxjbtMZ75/VBSJ08sm"}},{"frame":0.6666666666666666,"value":{"__uuid__":"7bTUkUj0tOqJ6NtUyTQGJU"}},{"frame":0.75,"value":{"__uuid__":"33tXmul/JPV45DCWduB/hP"}},{"frame":0.8333333333333334,"value":{"__uuid__":"47M3DmJTFN+rAGxj/2deLF"}},{"frame":0.9166666666666666,"value":{"__uuid__":"73WeF2q01KsZnYp2ui+8CO"}},{"frame":1,"value":{"__uuid__":"1cKkCLDS1MU47LCK/adJ3t"}},{"frame":1.0833333333333333,"value":{"__uuid__":"45wz/Kw1FJAJdSnVRJ5FvQ"}},{"frame":1.1666666666666667,"value":{"__uuid__":"eciJarsB9Nl603JkTnefmU"}},{"frame":1.25,"value":{"__uuid__":"c6Vz3j9ilJIpBVSRW1Claz"}},{"frame":1.3333333333333333,"value":{"__uuid__":"c3sdbUrchDMbdrHY7300hj"}},{"frame":1.4166666666666667,"value":{"__uuid__":"d5123YNM5EtLB7zT0n82DS"}},{"frame":1.5,"value":{"__uuid__":"8fpE1SqUFJQIdr5ElnX2qJ"}}]}}},"events":[{"frame":1.5,"func":"destoryCall","params":[]}]},{"__type__":"cc.SpriteFrame","content":{"name":"sprite_2","texture":"13FEI1KxxMlazmHDYycDOI","rect":[6,4,52,50],"offset":[0,3],"originalSize":[64,64],"capInsets":[0,0,0,0]}},{"__type__":"cc.SpriteFrame","content":{"name":"sprite_0","texture":"62ihISdo9IcJXGP4sQJaPC","rect":[6,10,54,38],"offset":[1,3],"originalSize":[64,64],"capInsets":[0,0,0,0]}},{"__type__":"cc.SpriteFrame","content":{"name":"sprite_4","texture":"39zjCjpoVATZZlGfY7Bc7l","rect":[0,0,1024,768],"offset":[0,0],"originalSize":[1024,768],"capInsets":[0,0,0,0]}},{"__type__":"cc.SpriteFrame","content":{"name":"sprite_18","texture":"ffvoPYE3ZPVriS3bamx8tp","rect":[8,8,42,42],"offset":[-3,3],"originalSize":[64,64],"capInsets":[0,0,0,0]}},{"__type__":"cc.AnimationClip","_name":"charge","_duration":4.016666666666667,"curveData":{"comps":{"cc.Sprite":{"spriteFrame":[{"frame":0,"value":{"__uuid__":"48azVPrO9BS4gJCF8BHFDY"}},{"frame":0.5,"value":{"__uuid__":"93fjjb7hVB47+ewR/C3AEl"}},{"frame":1.6666666666666667,"value":{"__uuid__":"93fjjb7hVB47+ewR/C3AEl"}},{"frame":1.8333333333333333,"value":{"__uuid__":"97nHgun2hIoI3nrLgatBwu"}},{"frame":2,"value":{"__uuid__":"5fvNCvukJHp7VVZzY0m5Bs"}},{"frame":3.6666666666666665,"value":{"__uuid__":"97nHgun2hIoI3nrLgatBwu"}},{"frame":3.8333333333333335,"value":{"__uuid__":"93fjjb7hVB47+ewR/C3AEl"}},{"frame":4,"value":{"__uuid__":"48azVPrO9BS4gJCF8BHFDY"}}]}}}},{"__type__":"cc.SpriteFrame","content":{"name":"sprite_3","texture":"e2LBN9T15DkJPccAz8/nqW","rect":[2,4,58,58],"offset":[-1,-1],"originalSize":[64,64],"capInsets":[0,0,0,0]}},{"__type__":"cc.SpriteFrame","content":{"name":"sprite_2","texture":"faRdKwAUxLP6qV+hGp0hCE","rect":[4,10,120,96],"offset":[0,6],"originalSize":[128,128],"capInsets":[0,0,0,0]}},{"__type__":"cc.SpriteFrame","content":{"name":"sprite_1","texture":"80MwCBrzBC9qqS2W6OSg0P","rect":[4,8,120,98],"offset":[0,7],"originalSize":[128,128],"capInsets":[0,0,0,0]}},{"__type__":"cc.SpriteFrame","content":{"name":"sprite_2","texture":"e9DBTsu8tKGpT737rwQx7+","rect":[4,10,120,96],"offset":[0,6],"originalSize":[128,128],"capInsets":[0,0,0,0]}},{"__type__":"cc.AnimationClip","_name":"background","_duration":0.5166666666666667,"wrapMode":2,"curveData":{"comps":{"cc.Sprite":{"spriteFrame":[{"frame":0,"value":{"__uuid__":"d27seehylAeY2k9Eozc8R+"}},{"frame":0.08333333333333333,"value":{"__uuid__":"20GvJA651AbY9sgWLpPH0Y"}},{"frame":0.16666666666666666,"value":{"__uuid__":"f2BZgobThK44qfbVChu/CH"}},{"frame":0.25,"value":{"__uuid__":"34By0D25pGVY35EOOer5fD"}},{"frame":0.3333333333333333,"value":{"__uuid__":"8cFDazZ+FP0o+7CAdQpe6Z"}},{"frame":0.4166666666666667,"value":{"__uuid__":"23hHoGe5BJtbToQUuYcyID"}},{"frame":0.5,"value":{"__uuid__":"3b6VUtft1N+4QDKBgxjXUp"}}]}}}},{"__type__":"cc.SpriteFrame","content":{"name":"sprite_2","texture":"faV+GWXF5NAbWQdIp2ECVJ","rect":[6,4,52,50],"offset":[0,3],"originalSize":[64,64],"capInsets":[0,0,0,0]}},{"__type__":"cc.SpriteFrame","content":{"name":"sprite_3","texture":"09pv0gXg9MpqfDQpIvlN4c","rect":[2,4,58,58],"offset":[-1,-1],"originalSize":[64,64],"capInsets":[0,0,0,0]}},{"__type__":"cc.AnimationClip","_name":"defeated","_duration":1.0166666666666666,"curveData":{"comps":{"cc.Sprite":{"spriteFrame":[{"frame":0,"value":{"__uuid__":"d6bdivBn1KHJdkjhOhVOc4"}},{"frame":0.08333333333333333,"value":{"__uuid__":"1dRs6xPolNDowbT73p2fD/"}},{"frame":0.16666666666666666,"value":{"__uuid__":"e6AgVQCD9C6YW+nHseCGGW"}},{"frame":0.25,"value":{"__uuid__":"0cNiWNnH5IlLLf7SSwkp8+"}},{"frame":0.3333333333333333,"value":{"__uuid__":"756C2FG6hAfpbRwXRlHiUq"}},{"frame":0.4166666666666667,"value":{"__uuid__":"803TrvwgtEc4tuOTCIag+N"}},{"frame":0.5,"value":{"__uuid__":"0avcF/NflO3Yx6J52GDWIf"}},{"frame":0.5833333333333334,"value":{"__uuid__":"ebGjUgnxtEwIKXyPPWlDIK"}},{"frame":0.6666666666666666,"value":{"__uuid__":"5b0U/VSxJJl5GWPT8sdnkp"}},{"frame":0.75,"value":{"__uuid__":"f3SBjnl39CH5z67hlERUnt"}},{"frame":0.8333333333333334,"value":{"__uuid__":"c3evZQnYpDFKTWcBK6gMdL"}},{"frame":0.9166666666666666,"value":{"__uuid__":"e98Q3kmilDbJrwVyAvLRAV"}},{"frame":1,"value":{"__uuid__":"d3jL4ouYpKG79N6/0vfEJX"}}]}}},"events":[{"frame":1,"func":"destoryCall","params":[]}]},{"__type__":"cc.SpriteFrame","content":{"name":"playerBullet","texture":"9exxVSQx1DLaXSALRta5lj","rect":[22,18,18,18],"offset":[-1,5],"originalSize":[64,64],"capInsets":[0,0,0,0]}},{"__type__":"cc.SpriteFrame","content":{"name":"sprite_4","texture":"bfihcQjblNm4DjVPHFUaf/","rect":[2,4,58,58],"offset":[-1,-1],"originalSize":[64,64],"capInsets":[0,0,0,0]}},{"__type__":"cc.SpriteFrame","content":{"name":"onCrash2","texture":"21eYEmJWFL0oClIiufVsUq","rect":[10,54,114,12],"offset":[3,4],"originalSize":[128,128],"capInsets":[0,0,0,0]}},{"__type__":"cc.SpriteFrame","content":{"name":"sprite_4","texture":"f2WF1UB5NBHJcX9mZhmNj6","rect":[2,4,58,58],"offset":[-1,-1],"originalSize":[64,64],"capInsets":[0,0,0,0]}},{"__type__":"cc.SpriteFrame","content":{"name":"onCrash0","texture":"89G2g+8JZAoJMVWTbDqet9","rect":[20,20,92,84],"offset":[2,2],"originalSize":[128,128],"capInsets":[0,0,0,0]}},{"__type__":"cc.SpriteFrame","content":{"name":"sprite_2","texture":"e1Z4Yw1JFA45l9Z3ry7ltk","rect":[12,0,40,52],"offset":[0,6],"originalSize":[64,64],"capInsets":[0,0,0,0]}},[{"__type__":"cc.Prefab","_name":"fastStone","data":{"__id__":1},"optimizationPolicy":2},{"__type__":"cc.Node","_name":"fastStone","_components":[{"__type__":"cc.Sprite","node":{"__id__":1},"_materials":[{"__uuid__":"ecpdLyjvZBwrvm+cedCcQy"}],"_spriteFrame":{"__uuid__":"76eaoe2jJLeKUFDIpVsOMw"}},{"__type__":"cc.Animation","node":{"__id__":1},"_defaultClip":{"__uuid__":"52C5QSBiVFloin8TkBa+F1"},"_clips":[{"__uuid__":"52C5QSBiVFloin8TkBa+F1"},{"__uuid__":"eeAKskhLNOXL4oGBiWbI1b"}],"playOnLoad":true},{"__type__":"a6c9fa1FspNqotG3sxR2gro","node":{"__id__":1}},{"__type__":"cc.BoxCollider","node":{"__id__":1},"_size":{"__type__":"cc.Size","width":24,"height":46}}],"_prefab":{"__type__":"cc.PrefabInfo","root":{"__id__":1},"asset":{"__uuid__":"aedSzOqYxNL5yRewWBh2a5"},"fileId":"1dEJYvOjdLO6P16Mbf8Yaw"},"_contentSize":{"__type__":"cc.Size","width":40,"height":52},"_trs":{"__type__":"TypedArray","ctor":"Float32Array","array":[0,0,0,0,0,0,1,1,1,1]},"_groupIndex":2,"groupIndex":2}],{"__type__":"cc.SpriteFrame","content":{"name":"sprite_7","texture":"a5fREb3+FN0rk2C5twc6xH","rect":[6,8,52,52],"offset":[0,-2],"originalSize":[64,64],"capInsets":[0,0,0,0]}},{"__type__":"cc.SpriteFrame","content":{"name":"sprite_0","texture":"ecnQD1r6RK56vkbjENpz9j","rect":[6,10,54,38],"offset":[1,3],"originalSize":[64,64],"capInsets":[0,0,0,0]}},{"__type__":"cc.SpriteFrame","content":{"name":"skillBullet","texture":"2f0eASU3tNSbBrU2o3ZkYR","rect":[16,16,96,96],"offset":[0,0],"originalSize":[128,128],"capInsets":[0,0,0,0]}},{"__type__":"cc.SpriteFrame","content":{"name":"sprite_1","texture":"5dv1DFgQVLOJkXHnZyBpmL","rect":[12,0,40,52],"offset":[0,6],"originalSize":[64,64],"capInsets":[0,0,0,0]}},[{"__type__":"cc.Prefab","_name":"playerBullet","data":{"__id__":1},"optimizationPolicy":2},{"__type__":"cc.Node","_name":"playerBullet","_components":[{"__type__":"cc.Sprite","node":{"__id__":1},"_materials":[{"__uuid__":"ecpdLyjvZBwrvm+cedCcQy"}],"_spriteFrame":{"__uuid__":"a5MEwDT79O1Zz57sh/pArB"}},{"__type__":"cc.BoxCollider","node":{"__id__":1},"_size":{"__type__":"cc.Size","width":18,"height":18}},{"__type__":"f06fdarTQ1IoKtfpAC6NBmp","node":{"__id__":1}}],"_prefab":{"__type__":"cc.PrefabInfo","root":{"__id__":1},"asset":{"__uuid__":"b8LEBdPdpFvaSPJDfEtr62"},"fileId":"6djsMtwFVGbr4edYZhZli5"},"_contentSize":{"__type__":"cc.Size","width":18,"height":18},"_trs":{"__type__":"TypedArray","ctor":"Float32Array","array":[0,0,0,0,0,0,1,1,1,1]},"_groupIndex":5,"groupIndex":5}],{"__type__":"cc.SpriteFrame","content":{"name":"sprite_1","texture":"e9XBC++QJGvou/iH8heih0","rect":[0,20,128,90],"offset":[0,-1],"originalSize":[128,128],"capInsets":[0,0,0,0]}},{"__type__":"cc.SpriteFrame","content":{"name":"sprite_11","texture":"0cg/PgjLdPzIbP2LjqYvNk","rect":[2,4,58,58],"offset":[-1,-1],"originalSize":[64,64],"capInsets":[0,0,0,0]}},{"__type__":"cc.SpriteFrame","content":{"name":"sprite_16","texture":"1db+nOf4lLIoG9Vk4JkS+U","rect":[0,2,62,58],"offset":[-1,1],"originalSize":[64,64],"capInsets":[0,0,0,0]}},{"__type__":"cc.SpriteFrame","content":{"name":"sprite_4","texture":"3dWHJXUBxBFK7+6AQK1uBR","rect":[2,4,58,58],"offset":[-1,-1],"originalSize":[64,64],"capInsets":[0,0,0,0]}},{"__type__":"cc.SpriteFrame","content":{"name":"sprite_15","texture":"f6+/iMfb1KOLZCzWcuuddw","rect":[10,10,44,42],"offset":[0,1],"originalSize":[64,64],"capInsets":[0,0,0,0]}},[{"__type__":"cc.Prefab","_name":"onCrash5","data":{"__id__":1}},{"__type__":"cc.Node","_name":"onCrash5","_components":[{"__type__":"cc.Sprite","node":{"__id__":1},"_materials":[{"__uuid__":"ecpdLyjvZBwrvm+cedCcQy"}],"_spriteFrame":{"__uuid__":"a8J1a+4oxJWJhgI9lB3Ump"}},{"__type__":"e5f6cdpEfNJM4dD+/0StFk2","node":{"__id__":1}}],"_prefab":{"__type__":"cc.PrefabInfo","root":{"__id__":1},"asset":{"__uuid__":"ccGTIYtlRL15zXvmmhj592"},"fileId":"f4nCdgxHRGcoLEGswI6X3Y"},"_contentSize":{"__type__":"cc.Size","width":114,"height":12},"_anchorPoint":{"__type__":"cc.Vec2","x":0.5,"y":-0.5},"_trs":{"__type__":"TypedArray","ctor":"Float32Array","array":[0,0,0,0,0,0.2079116851091385,0.9781476259231567,1,1,1]},"_eulerAngles":{"__type__":"cc.Vec3","z":24},"_groupIndex":4,"groupIndex":4}],{"__type__":"cc.AnimationClip","_name":"idle","_duration":0.5333333333333333,"wrapMode":2,"curveData":{"comps":{"cc.Sprite":{"spriteFrame":[{"frame":0,"value":{"__uuid__":"fdmQAoheVLHYyPjVoSLAsJ"}},{"frame":0.25,"value":{"__uuid__":"baZIo6MQBMdIagvKcU7Kpo"}},{"frame":0.5166666666666667,"value":{"__uuid__":"92/4fC4uVDybGthhlVOZWd"}}]}}}},{"__type__":"cc.SpriteFrame","content":{"name":"sprite_0","texture":"2cw1uJiV1COo/GG10OBFy7","rect":[0,0,1024,768],"offset":[0,0],"originalSize":[1024,768],"capInsets":[0,0,0,0]}},{"__type__":"cc.SpriteFrame","content":{"name":"sprite_13","texture":"9etWbe13hLpJe5i6/ucBaI","rect":[10,14,44,42],"offset":[0,-3],"originalSize":[64,64],"capInsets":[0,0,0,0]}},{"__type__":"cc.SpriteFrame","content":{"name":"sprite_17","texture":"78k/AgqulEXKm/Hs/xd5PD","rect":[2,0,58,62],"offset":[-1,1],"originalSize":[64,64],"capInsets":[0,0,0,0]}},{"__type__":"cc.SpriteFrame","content":{"name":"sprite_00","texture":"dbn5Smv5hEJZRM71x9+EIy","rect":[10,8,44,46],"offset":[0,1],"originalSize":[64,64],"capInsets":[0,0,0,0]}},{"__type__":"cc.SpriteFrame","content":{"name":"sprite_0","texture":"0f5GROxJpJ36TmcdmgDQZ9","rect":[10,10,44,50],"offset":[0,-3],"originalSize":[64,64],"capInsets":[0,0,0,0]}},{"__type__":"cc.SpriteFrame","content":{"name":"sprite_5","texture":"c4mx4Pm5NC2JQ3wT2gFR16","rect":[6,8,52,52],"offset":[0,-2],"originalSize":[64,64],"capInsets":[0,0,0,0]}},[{"__type__":"cc.Prefab","_name":"onCrash0","data":{"__id__":1}},{"__type__":"cc.Node","_name":"onCrash0","_components":[{"__type__":"cc.Sprite","node":{"__id__":1},"_materials":[{"__uuid__":"ecpdLyjvZBwrvm+cedCcQy"}],"_spriteFrame":{"__uuid__":"abeIuAc/pEeqR1Nl6he58+"}},{"__type__":"e5f6cdpEfNJM4dD+/0StFk2","node":{"__id__":1}}],"_prefab":{"__type__":"cc.PrefabInfo","root":{"__id__":1},"asset":{"__uuid__":"da+RG4dWdH676Z9kBAjyPw"},"fileId":"483WM4VvBMGY/mzuoOODY0"},"_contentSize":{"__type__":"cc.Size","width":92,"height":84},"_trs":{"__type__":"TypedArray","ctor":"Float32Array","array":[0,0,0,0,0,0,1,1,1,1]},"_groupIndex":4,"groupIndex":4}],{"__type__":"cc.SpriteFrame","content":{"name":"sprite_4","texture":"13YDjxtjxGu6xtAjo3YvY/","rect":[6,8,52,52],"offset":[0,-2],"originalSize":[64,64],"capInsets":[0,0,0,0]}},{"__type__":"cc.SpriteFrame","content":{"name":"sprite_05","texture":"63TlvphPZBNbEQn5evW9SP","rect":[16,4,44,42],"offset":[6,7],"originalSize":[64,64],"capInsets":[0,0,0,0]}},{"__type__":"cc.SpriteFrame","content":{"name":"sprite_02","texture":"2dlvtqxYRGGI8LwZbZ8MN9","rect":[12,10,44,40],"offset":[2,2],"originalSize":[64,64],"capInsets":[0,0,0,0]}},[{"__type__":"cc.SceneAsset","_name":"GameItself","scene":{"__id__":1},"asyncLoadAssets":null},{"__type__":"cc.Scene","_name":"New Node","_children":[{"__id__":2},{"__id__":29},{"__id__":11}],"_active":false,"_anchorPoint":{"__type__":"cc.Vec2"},"_trs":{"__type__":"TypedArray","ctor":"Float32Array","array":[0,0,0,0,0,0,1,1,1,1]},"autoReleaseAssets":true},{"__type__":"cc.Node","_name":"Canvas","_parent":{"__id__":1},"_children":[{"__id__":3},{"__id__":4},{"__id__":6},{"__id__":7},{"__id__":9},{"__id__":12},{"__id__":19},{"__id__":20},{"__id__":15},{"__id__":21},{"__id__":23}],"_components":[{"__type__":"cc.Canvas","node":{"__id__":2}},{"__type__":"4a5aa0mmVFLVK14FCz4uZUc","node":{"__id__":2},"gameManager":{"__id__":11},"slowStone":{"__uuid__":"48FcjqUPlJJ5VCC0CfuOU9"},"normalStone":{"__uuid__":"edXV9A91RGy64XldP7iABI"},"fastStone":{"__uuid__":"aedSzOqYxNL5yRewWBh2a5"},"player":{"__id__":12},"playerBullet":{"__uuid__":"b8LEBdPdpFvaSPJDfEtr62"},"skillActor":{"__id__":14},"directionSwapTime":10,"bulletSpeed":75,"bulletGenerateTime":0.9,"skillChoiceUI":{"__id__":23},"radar":{"__id__":21},"boss":{"__id__":9}}],"_contentSize":{"__type__":"cc.Size","width":960,"height":640},"_anchorPoint":{"__type__":"cc.Vec2","x":0.5,"y":0.49255583119946855},"_trs":{"__type__":"TypedArray","ctor":"Float32Array","array":[480,320,0,0,0,0,1,1,1,1]},"_id":"5bJzqmdK5O46OA+PuR+Dkg"},{"__type__":"cc.Node","_name":"background","_parent":{"__id__":2},"_components":[{"__type__":"cc.Sprite","node":{"__id__":3},"_materials":[{"__uuid__":"ecpdLyjvZBwrvm+cedCcQy"}],"_spriteFrame":{"__uuid__":"d27seehylAeY2k9Eozc8R+"}},{"__type__":"cc.Animation","node":{"__id__":3},"_defaultClip":{"__uuid__":"98xF+1oP1NV4GpW9LS1oxO"},"_clips":[{"__uuid__":"98xF+1oP1NV4GpW9LS1oxO"}],"playOnLoad":true}],"_contentSize":{"__type__":"cc.Size","width":1024,"height":768},"_trs":{"__type__":"TypedArray","ctor":"Float32Array","array":[0,0,0,0,0,0,1,1.5,1.5,1.5]}},{"__type__":"cc.Node","_name":"label","_parent":{"__id__":2},"_components":[{"__id__":5},{"__type__":"cc.Widget","node":{"__id__":4},"_alignFlags":9,"_left":54.48}],"_contentSize":{"__type__":"cc.Size","height":50.4},"_trs":{"__type__":"TypedArray","ctor":"Float32Array","array":[-425.5199890136719,299.56427001953125,0,0,0,0,1,1,1,1]}},{"__type__":"cc.Label","node":{"__id__":4},"_materials":[{"__uuid__":"ecpdLyjvZBwrvm+cedCcQy"}],"_useOriginalSize":false,"_N$horizontalAlign":1,"_N$verticalAlign":1},{"__type__":"cc.Node","_name":"Main Camera","_parent":{"__id__":2},"_components":[{"__type__":"cc.Camera","node":{"__id__":6},"_clearFlags":7,"_depth":-1}],"_trs":{"__type__":"TypedArray","ctor":"Float32Array","array":[0,0,544.72998046875,0,0,0,1,1,1,1]}},{"__type__":"cc.Node","_name":"JoyStick Pallet","_parent":{"__id__":2},"_children":[{"__id__":8}],"_components":[{"__type__":"cc.Sprite","node":{"__id__":7},"_materials":[{"__uuid__":"ecpdLyjvZBwrvm+cedCcQy"}],"_spriteFrame":{"__uuid__":"3bMJ0+U0hJSYUOeCbYzzVR"}},{"__type__":"cc.Widget","node":{"__id__":7},"_alignFlags":12,"_left":101.69500732421875,"_bottom":90.65273952484131},{"__type__":"d7421T6s2lKdpdutrvJ1soW","node":{"__id__":7},"stick":{"__id__":8},"max_r":60}],"_contentSize":{"__type__":"cc.Size","width":52,"height":52},"_trs":{"__type__":"TypedArray","ctor":"Float32Array","array":[-326.30499267578125,-172.58299255371094,0,0,0,0,1,2,2,2]},"_groupIndex":3,"groupIndex":3},{"__type__":"cc.Node","_name":"JoyStick","_parent":{"__id__":7},"_components":[{"__type__":"cc.Sprite","node":{"__id__":8},"_materials":[{"__uuid__":"ecpdLyjvZBwrvm+cedCcQy"}],"_spriteFrame":{"__uuid__":"3bMJ0+U0hJSYUOeCbYzzVR"}}],"_contentSize":{"__type__":"cc.Size","width":52,"height":52},"_trs":{"__type__":"TypedArray","ctor":"Float32Array","array":[0,0,0,0,0,0,1,0.5,0.5,0.5]},"_groupIndex":3,"groupIndex":3},{"__type__":"cc.Node","_name":"boss","_parent":{"__id__":2},"_children":[{"__id__":10}],"_active":false,"_components":[{"__type__":"cc.Sprite","node":{"__id__":9},"_materials":[{"__uuid__":"ecpdLyjvZBwrvm+cedCcQy"}],"_spriteFrame":{"__uuid__":"fdmQAoheVLHYyPjVoSLAsJ"}},{"__type__":"1391aI59vdPF4iyltwVmYZX","node":{"__id__":9},"gameManager":{"__id__":11},"player":{"__id__":12},"canvas":{"__id__":2},"bullet":{"__uuid__":"48FcjqUPlJJ5VCC0CfuOU9"}},{"__type__":"236f5NiMu9ETq67VnzUzFlS","node":{"__id__":9},"health":100,"state1":666,"state2":333,"crashHandler":{"__id__":10}},{"__type__":"cc.Animation","node":{"__id__":9},"_defaultClip":{"__uuid__":"cdCA/hYNJMz4wVEJmEiy+y"},"_clips":[{"__uuid__":"cdCA/hYNJMz4wVEJmEiy+y"},{"__uuid__":"90X835s1NPL7JEt0n84vu3"}],"playOnLoad":true},{"__type__":"cc.BoxCollider","node":{"__id__":9},"_offset":{"__type__":"cc.Vec2","y":-48},"_size":{"__type__":"cc.Size","width":69,"height":70}}],"_contentSize":{"__type__":"cc.Size","width":120,"height":96},"_anchorPoint":{"__type__":"cc.Vec2","x":0.5,"y":1},"_trs":{"__type__":"TypedArray","ctor":"Float32Array","array":[0,628.1649780273438,0,0,0,0,1,2,2,1]},"_groupIndex":4,"groupIndex":4},{"__type__":"cc.Node","_name":"Crash Init","_parent":{"__id__":9},"_components":[{"__type__":"cc.Widget","node":{"__id__":10},"_alignFlags":18},{"__type__":"6a9e6Ji9FZNkJYwfDB5fTSs","node":{"__id__":10},"crash0":{"__uuid__":"da+RG4dWdH676Z9kBAjyPw"},"crash1":{"__uuid__":"6cZVDdmr5AkYMxY/Rv/mvF"},"crash2":{"__uuid__":"826zLFVGhCBKnP1bb6NwZf"},"crash3":{"__uuid__":"38frVyka5BKJVxKaCZnVOj"},"crash4":{"__uuid__":"edZpuHisdNGKYuEvujRCrm"},"crash5":{"__uuid__":"ccGTIYtlRL15zXvmmhj592"}}],"_trs":{"__type__":"TypedArray","ctor":"Float32Array","array":[0,-48,0,0,0,0,1,1,1,1]},"_groupIndex":4,"groupIndex":4},{"__type__":"cc.Node","_name":"GameManager","_parent":{"__id__":1},"_components":[{"__type__":"22720Fxj1NEkJ6WbU58Ws2E","node":{"__id__":11},"lerpVal":0.1,"playerLifeLabel":{"__id__":5}}],"_trs":{"__type__":"TypedArray","ctor":"Float32Array","array":[0,0,0,0,0,0,1,1,1,1]},"_id":"e67uS1+ylNxrIYSzi1XeBJ"},{"__type__":"cc.Node","_name":"Main","_parent":{"__id__":2},"_children":[{"__id__":13},{"__id__":14}],"_components":[{"__type__":"cc.Sprite","node":{"__id__":12},"_materials":[{"__uuid__":"ecpdLyjvZBwrvm+cedCcQy"}],"_spriteFrame":{"__uuid__":"47hdI2n8pFkrWbBAvEWRfR"}},{"__type__":"cc.BoxCollider","node":{"__id__":12},"_size":{"__type__":"cc.Size","width":35,"height":35}},{"__type__":"42c9bJ4n1lP/L7+iXqR+K3Y","node":{"__id__":12},"gameManager":{"__id__":11},"canvas":{"__id__":2},"stick":{"__id__":7},"speed":300},{"__type__":"450e9GvU/NCTICQys89Fb/u","node":{"__id__":12},"gameManager":{"__id__":11},"stick":{"__id__":7}},{"__type__":"cc.Animation","node":{"__id__":12},"_defaultClip":{"__uuid__":"58Y7Kwmp9GboxWFI8AFNIx"},"_clips":[{"__uuid__":"58Y7Kwmp9GboxWFI8AFNIx"},{"__uuid__":"a3SU2nMtRFf7h/nQI8vxcT"}],"playOnLoad":true}],"_contentSize":{"__type__":"cc.Size","width":44,"height":54},"_trs":{"__type__":"TypedArray","ctor":"Float32Array","array":[0,0,0,0,0,0,1,0.699999988079071,0.699999988079071,1]},"_groupIndex":3,"groupIndex":3},{"__type__":"cc.Node","_name":"crash","_parent":{"__id__":12},"_active":false,"_components":[{"__type__":"cc.Sprite","node":{"__id__":13},"_materials":[{"__uuid__":"ecpdLyjvZBwrvm+cedCcQy"}],"_spriteFrame":{"__uuid__":"4an2jzy6tJdKou8WOarjba"}}],"_contentSize":{"__type__":"cc.Size","width":44,"height":32},"_trs":{"__type__":"TypedArray","ctor":"Float32Array","array":[0,18.570999145507812,0,0,0,0,1,1,1,1]},"_groupIndex":1,"groupIndex":1},{"__type__":"cc.Node","_name":"SkillActor","_parent":{"__id__":12},"_components":[{"__type__":"cc.BoxCollider","node":{"__id__":14},"_size":{"__type__":"cc.Size","width":54,"height":51}},{"__type__":"ae49cTVxj5PZZIaVDwb0Gyu","node":{"__id__":14},"boss":{"__id__":9},"crashIcon":{"__id__":15},"crash":{"__id__":13},"logic":{"__id__":2}}],"_trs":{"__type__":"TypedArray","ctor":"Float32Array","array":[0,0,0,0,0,0,1,1,1,1]},"_groupIndex":1,"groupIndex":1},{"__type__":"cc.Node","_name":"skillCrashUI","_parent":{"__id__":2},"_children":[{"__id__":16}],"_active":false,"_components":[{"__type__":"cc.Sprite","node":{"__id__":15},"_materials":[{"__uuid__":"ecpdLyjvZBwrvm+cedCcQy"}],"_type":1,"_sizeMode":0},{"__id__":18},{"__type__":"cc.Widget","node":{"__id__":15},"_alignFlags":36,"_right":110.60400390625,"_bottom":68.57673538562864},{"__type__":"e1b6ciYE4JMRZT92VTBJsoE","node":{"__id__":15},"progressBar":{"__id__":18},"actor":{"__id__":14}}],"_contentSize":{"__type__":"cc.Size","width":100,"height":100},"_trs":{"__type__":"TypedArray","ctor":"Float32Array","array":[319.39599609375,-196.65899658203125,0,0,0,0,1,1,1,1]}},{"__type__":"cc.Node","_name":"skillCrash","_parent":{"__id__":15},"_components":[{"__id__":17}],"_contentSize":{"__type__":"cc.Size","width":100,"height":100},"_trs":{"__type__":"TypedArray","ctor":"Float32Array","array":[0,0,0,0,0,0,1,1,1,1]}},{"__type__":"cc.Sprite","node":{"__id__":16},"_materials":[{"__uuid__":"ecpdLyjvZBwrvm+cedCcQy"}],"_spriteFrame":{"__uuid__":"f2AAyiyzlI8bX6j8Twnw8T"},"_type":3,"_sizeMode":0,"_fillType":2,"_fillCenter":{"__type__":"cc.Vec2","x":0.5,"y":0.5},"_fillRange":1},{"__type__":"cc.ProgressBar","node":{"__id__":15},"_N$barSprite":{"__id__":17},"_N$mode":2},{"__type__":"cc.Node","_name":"Second","_parent":{"__id__":2},"_active":false,"_components":[{"__type__":"cc.Sprite","node":{"__id__":19},"_materials":[{"__uuid__":"ecpdLyjvZBwrvm+cedCcQy"}],"_spriteFrame":{"__uuid__":"d8UzXrIXFHcbVlVFc8BI0Q"}},{"__type__":"cc.BoxCollider","node":{"__id__":19},"_offset":{"__type__":"cc.Vec2","y":2},"_size":{"__type__":"cc.Size","width":38,"height":39}},{"__type__":"450e9GvU/NCTICQys89Fb/u","node":{"__id__":19},"gameManager":{"__id__":11},"stick":{"__id__":7},"id":1},{"__type__":"b201eV55DJJkIDNF7dw/UBN","node":{"__id__":19},"target":{"__id__":12},"gameManager":{"__id__":11}},{"__type__":"cc.Animation","node":{"__id__":19},"_defaultClip":{"__uuid__":"24jymLIZFKZqo1W/JFwGj0"},"_clips":[{"__uuid__":"24jymLIZFKZqo1W/JFwGj0"},{"__uuid__":"830paonc1A8LpepO9yLLcn"}],"playOnLoad":true}],"_contentSize":{"__type__":"cc.Size","width":44,"height":50},"_trs":{"__type__":"TypedArray","ctor":"Float32Array","array":[0,0,0,0,0,0,1,0.5,0.5,1]},"_groupIndex":3,"groupIndex":3},{"__type__":"cc.Node","_name":"Third","_parent":{"__id__":2},"_active":false,"_components":[{"__type__":"cc.Sprite","node":{"__id__":20},"_materials":[{"__uuid__":"ecpdLyjvZBwrvm+cedCcQy"}],"_spriteFrame":{"__uuid__":"d8UzXrIXFHcbVlVFc8BI0Q"}},{"__type__":"cc.BoxCollider","node":{"__id__":20},"_offset":{"__type__":"cc.Vec2","y":2},"_size":{"__type__":"cc.Size","width":38,"height":39}},{"__type__":"450e9GvU/NCTICQys89Fb/u","node":{"__id__":20},"gameManager":{"__id__":11},"stick":{"__id__":7},"id":2},{"__type__":"b201eV55DJJkIDNF7dw/UBN","node":{"__id__":20},"target":{"__id__":19},"gameManager":{"__id__":11}},{"__type__":"cc.Animation","node":{"__id__":20},"_defaultClip":{"__uuid__":"24jymLIZFKZqo1W/JFwGj0"},"_clips":[{"__uuid__":"24jymLIZFKZqo1W/JFwGj0"},{"__uuid__":"830paonc1A8LpepO9yLLcn"}],"playOnLoad":true}],"_contentSize":{"__type__":"cc.Size","width":44,"height":50},"_trs":{"__type__":"TypedArray","ctor":"Float32Array","array":[0,0,0,0,0,0,1,0.30000001192092896,0.30000001192092896,1]},"_groupIndex":3,"groupIndex":3},{"__type__":"cc.Node","_name":"Radar","_parent":{"__id__":2},"_children":[{"__id__":22}],"_active":false,"_components":[{"__type__":"cc.Sprite","node":{"__id__":21},"_materials":[{"__uuid__":"ecpdLyjvZBwrvm+cedCcQy"}],"_spriteFrame":{"__uuid__":"5cOLST2wRGc4Io2rwkixHk"}},{"__type__":"cc.Animation","node":{"__id__":21},"_defaultClip":{"__uuid__":"2et6uTWSxOBIJlSUKkKhak"},"_clips":[{"__uuid__":"2et6uTWSxOBIJlSUKkKhak"}],"playOnLoad":true},{"__type__":"cc.Widget","node":{"__id__":21},"_alignFlags":36,"_right":41,"_bottom":17.235731967659888}],"_contentSize":{"__type__":"cc.Size","width":52,"height":52},"_trs":{"__type__":"TypedArray","ctor":"Float32Array","array":[387,-246,0,0,0,0,1,2,2,2]}},{"__type__":"cc.Node","_name":"label","_parent":{"__id__":21},"_components":[{"__type__":"cc.Label","node":{"__id__":22},"_materials":[{"__uuid__":"ecpdLyjvZBwrvm+cedCcQy"}],"_useOriginalSize":false,"_string":"检测到不明生物反应","_N$string":"检测到不明生物反应","_fontSize":20,"_N$horizontalAlign":1,"_N$verticalAlign":1},{"__type__":"cc.Widget","node":{"__id__":22},"_alignFlags":1,"_top":-19.59999999999999,"_bottom":50.400000000000006,"_originalHeight":50.4}],"_color":{"__type__":"cc.Color","r":241,"g":70,"b":70},"_contentSize":{"__type__":"cc.Size","width":180,"height":50.4},"_trs":{"__type__":"TypedArray","ctor":"Float32Array","array":[0,33,0,0,0,0,1,0.5,0.5,1]}},{"__type__":"cc.Node","_name":"skill Select","_parent":{"__id__":2},"_children":[{"__id__":24},{"__id__":26}],"_active":false,"_components":[{"__type__":"cc.Label","node":{"__id__":23},"_materials":[{"__uuid__":"ecpdLyjvZBwrvm+cedCcQy"}],"_useOriginalSize":false,"_string":"选择一个技能","_N$string":"选择一个技能","_N$horizontalAlign":1,"_N$verticalAlign":1},{"__type__":"01f24V8UhxBopKgVu3ONzbB","node":{"__id__":23},"describe":{"__id__":25},"skillActor":{"__id__":14}}],"_contentSize":{"__type__":"cc.Size","width":240,"height":50.4},"_trs":{"__type__":"TypedArray","ctor":"Float32Array","array":[0,178.1999969482422,0,0,0,0,1,2,2,2]}},{"__type__":"cc.Node","_name":"skill discribe","_parent":{"__id__":23},"_components":[{"__id__":25},{"__type__":"cc.Widget","node":{"__id__":24},"_alignFlags":1,"_top":140.71299743652344}],"_contentSize":{"__type__":"cc.Size","width":319,"height":50.4},"_trs":{"__type__":"TypedArray","ctor":"Float32Array","array":[0,-140.71299743652344,0,0,0,0,1,1,1,1]}},{"__type__":"cc.Label","node":{"__id__":24},"_materials":[{"__uuid__":"ecpdLyjvZBwrvm+cedCcQy"}],"_useOriginalSize":false,"_string":"技能描述","_N$string":"技能描述","_fontSize":20,"_N$horizontalAlign":1,"_N$verticalAlign":1,"_N$overflow":3},{"__type__":"cc.Node","_name":"Skill Layout","_parent":{"__id__":23},"_children":[{"__id__":27},{"__id__":28}],"_components":[{"__type__":"cc.Sprite","node":{"__id__":26},"_materials":[{"__uuid__":"ecpdLyjvZBwrvm+cedCcQy"}],"_type":1,"_sizeMode":0},{"__type__":"cc.Layout","node":{"__id__":26},"_layoutSize":{"__type__":"cc.Size","width":400,"height":150},"_N$layoutType":1,"_N$paddingLeft":10,"_N$spacingX":40,"_N$affectedByScale":true},{"__type__":"cc.Widget","node":{"__id__":26},"_alignFlags":1,"_top":58.7,"_verticalCenter":-9.5367431640625e-7}],"_contentSize":{"__type__":"cc.Size","width":400,"height":150},"_trs":{"__type__":"TypedArray","ctor":"Float32Array","array":[0,-71,0,0,0,0,1,0.5,0.5,0.5]}},{"__type__":"cc.Node","_name":"skillCrash","_parent":{"__id__":26},"_components":[{"__type__":"cc.Sprite","node":{"__id__":27},"_materials":[{"__uuid__":"ecpdLyjvZBwrvm+cedCcQy"}],"_spriteFrame":{"__uuid__":"f2AAyiyzlI8bX6j8Twnw8T"}},{"__type__":"b84b5qwSW1BZZLJHbFClbfE","node":{"__id__":27},"describe":"主动技能：使得飞船在一段时间内变得横冲直撞！","manager":{"__id__":23}}],"_contentSize":{"__type__":"cc.Size","width":100,"height":100},"_trs":{"__type__":"TypedArray","ctor":"Float32Array","array":[-140,0,0,0,0,0,1,1,1,1]}},{"__type__":"cc.Node","_name":"skillBullet","_parent":{"__id__":26},"_components":[{"__type__":"cc.Sprite","node":{"__id__":28},"_materials":[{"__uuid__":"ecpdLyjvZBwrvm+cedCcQy"}],"_spriteFrame":{"__uuid__":"b4lUuy9TVL/YL/j0iX47Ib"}},{"__type__":"b84b5qwSW1BZZLJHbFClbfE","node":{"__id__":28},"id":1,"describe":"被动技能：增加飞船的火力（子弹数量）","manager":{"__id__":23}}],"_contentSize":{"__type__":"cc.Size","width":96,"height":96},"_trs":{"__type__":"TypedArray","ctor":"Float32Array","array":[-2,0,0,0,0,0,1,1,1,1]}},{"__type__":"cc.Node","_name":"COLLISION_MANAGER_DEBUG_DRAW","_parent":{"__id__":1},"_components":[{"__type__":"cc.Graphics","node":{"__id__":29},"_materials":[{"__uuid__":"6fgBCSDDdPMInvyNlggls2"}]}],"_trs":{"__type__":"TypedArray","ctor":"Float32Array","array":[0,0,0,0,0,0,1,1,1,1]},"_id":"bf0jxfiJ5Lt4uvwDTk92Ly"}],{"__type__":"cc.SpriteFrame","content":{"name":"sprite_12","texture":"ecvlaxffpEBbJ10sHwuden","rect":[12,16,36,32],"offset":[-2,0],"originalSize":[64,64],"capInsets":[0,0,0,0]}},{"__type__":"cc.SpriteFrame","content":{"name":"sprite_08","texture":"c0zbHw2xlOqK5X6BKmEcIl","rect":[10,8,44,40],"offset":[0,4],"originalSize":[64,64],"capInsets":[0,0,0,0]}},{"__type__":"cc.SpriteFrame","content":{"name":"sprite_14","texture":"f7yNqnfC5NP4WKYuS2xsVV","rect":[0,0,42,42],"offset":[-11,11],"originalSize":[64,64],"capInsets":[0,0,0,0]}},[{"__type__":"cc.Prefab","_name":"normalStone","data":{"__id__":1},"optimizationPolicy":2},{"__type__":"cc.Node","_name":"normalStone","_components":[{"__type__":"cc.Sprite","node":{"__id__":1},"_materials":[{"__uuid__":"ecpdLyjvZBwrvm+cedCcQy"}],"_spriteFrame":{"__uuid__":"52qeY1NjRES4HzuJNS9wX6"}},{"__type__":"cc.Animation","node":{"__id__":1},"_defaultClip":{"__uuid__":"57KpmpIcpGIJ46ZpDS89+a"},"_clips":[{"__uuid__":"57KpmpIcpGIJ46ZpDS89+a"},{"__uuid__":"37tHPLz9RPA72amYbDxzNp"}],"playOnLoad":true},{"__type__":"a6c9fa1FspNqotG3sxR2gro","node":{"__id__":1}},{"__type__":"cc.BoxCollider","node":{"__id__":1},"_size":{"__type__":"cc.Size","width":30,"height":30}}],"_prefab":{"__type__":"cc.PrefabInfo","root":{"__id__":1},"asset":{"__uuid__":"edXV9A91RGy64XldP7iABI"},"fileId":"17j0kPQbpNj4CjBep0VjHR"},"_contentSize":{"__type__":"cc.Size","width":40,"height":50},"_trs":{"__type__":"TypedArray","ctor":"Float32Array","array":[0,100,0,0,0,0,1,1,1,1]},"_groupIndex":2,"groupIndex":2}],[{"__type__":"cc.Prefab","_name":"onCrash4","data":{"__id__":1}},{"__type__":"cc.Node","_name":"onCrash4","_components":[{"__type__":"cc.Sprite","node":{"__id__":1},"_materials":[{"__uuid__":"ecpdLyjvZBwrvm+cedCcQy"}],"_spriteFrame":{"__uuid__":"6cXPDxTNZI8JkWUr7Q3QAt"}},{"__type__":"e5f6cdpEfNJM4dD+/0StFk2","node":{"__id__":1}}],"_prefab":{"__type__":"cc.PrefabInfo","root":{"__id__":1},"asset":{"__uuid__":"edZpuHisdNGKYuEvujRCrm"},"fileId":"7eyDsEahJIaYDx0Tx2QFJ7"},"_contentSize":{"__type__":"cc.Size","width":12,"height":114},"_anchorPoint":{"__type__":"cc.Vec2","x":-1,"y":0.5},"_trs":{"__type__":"TypedArray","ctor":"Float32Array","array":[0,0,0,0,0,0.16504760086536407,0.9862856268882751,1,1,1]},"_eulerAngles":{"__type__":"cc.Vec3","z":19},"_groupIndex":4,"groupIndex":4}],{"__type__":"cc.AnimationClip","_name":"stone_break","_duration":0.4166666666666667,"curveData":{"comps":{"cc.Sprite":{"spriteFrame":[{"frame":0,"value":{"__uuid__":"50X+E/ZrVM2Y2iNXAf5ELG"}},{"frame":0.06666666666666667,"value":{"__uuid__":"67pqt9X5VEBpy0PIfUFylB"}},{"frame":0.15,"value":{"__uuid__":"9899Y3+G5KhqJpHS/yVC2c"}},{"frame":0.23333333333333334,"value":{"__uuid__":"31k31ku1dPsYbNM3Um0//W"}},{"frame":0.31666666666666665,"value":{"__uuid__":"aaYnYRDgRC7oJK1FqFcyFn"}},{"frame":0.4,"value":{"__uuid__":"7foBAcBABBT7vftAgsOwgs"}}]}}},"events":[{"frame":0.4,"func":"onHitEnd","params":[]}]},{"__type__":"cc.SpriteFrame","content":{"name":"sprite_04","texture":"d2txeklalDG4cS0p2+8zv2","rect":[4,14,44,42],"offset":[-6,-3],"originalSize":[64,64],"capInsets":[0,0,0,0]}},{"__type__":"cc.SpriteFrame","content":{"name":"sprite_8","texture":"26n/g4eFZAdJkboDIAVpoj","rect":[6,8,52,52],"offset":[0,-2],"originalSize":[64,64],"capInsets":[0,0,0,0]}},{"__type__":"cc.SpriteFrame","content":{"name":"sprite_1","texture":"a3QnZWyydI0Z7rrxNad4d/","rect":[10,10,44,48],"offset":[0,-2],"originalSize":[64,64],"capInsets":[0,0,0,0]}},{"__type__":"cc.SpriteFrame","content":{"name":"skillCrash","texture":"e8PUzmpfpN9qgpUsIpvrJB","rect":[14,14,100,100],"offset":[0,0],"originalSize":[128,128],"capInsets":[0,0,0,0]}},{"__type__":"cc.SpriteFrame","content":{"name":"sprite_2","texture":"8cPttgJxhCBpZeWA3nmkDF","rect":[0,0,1024,768],"offset":[0,0],"originalSize":[1024,768],"capInsets":[0,0,0,0]}},{"__type__":"cc.SpriteFrame","content":{"name":"sprite_10","texture":"50NLf4mtBOF7ad4Hyg27EU","rect":[4,4,54,50],"offset":[-1,3],"originalSize":[64,64],"capInsets":[0,0,0,0]}},{"__type__":"cc.SpriteFrame","content":{"name":"sprite_02","texture":"45hvqFgb5J/a4A48Mgo2z9","rect":[4,6,44,42],"offset":[-6,5],"originalSize":[64,64],"capInsets":[0,0,0,0]}},{"__type__":"cc.SpriteFrame","content":{"name":"boss","texture":"1fjECn8UpHd7w8EGUSW9QG","rect":[4,10,120,96],"offset":[0,6],"originalSize":[128,128],"capInsets":[0,0,0,0]}},{"__type__":"cc.SpriteFrame","content":{"name":"sprite_3","texture":"64j/M66JRBbr10wOMkzB42","rect":[6,8,52,52],"offset":[0,-2],"originalSize":[64,64],"capInsets":[0,0,0,0]}}]